Youtuber,subscribers,video views,uploads,Country,channel_type,lowest_yearly_earnings,earnings_midpoint,highest_yearly_earnings
T-Series,245000000,228000000000.0,20082,India,Music,6800000.0,57600000.0,108400000.0
YouTube Movies,170000000,0.0,1,United States,Games,0.04,0.31,0.58
MrBeast,166000000,28368841870.0,741,United States,Entertainment,4000000.0,34350000.0,64700000.0
Cocomelon - Nursery Rhymes,162000000,164000000000.0,966,United States,Education,5900000.0,50350000.0,94800000.0
SET India,159000000,148000000000.0,116536,India,Entertainment,5500000.0,46500000.0,87500000.0
Music,119000000,0.0,0,Unknown,Music,0.0,0.0,0.0
ýýý Kids Diana Show,112000000,93247040539.0,1111,United States,Entertainment,2200000.0,18650000.0,35100000.0
PewDiePie,111000000,29058044447.0,4716,Japan,Entertainment,117600.0,1008800.0,1900000.0
Like Nastya,106000000,90479060027.0,493,Russia,People,146800.0,1223400.0,2300000.0
Vlad and Niki,98900000,77180169894.0,574,United States,Entertainment,1700000.0,14800000.0,27900000.0
Zee Music Company,96700000,57856289381.0,8548,India,Music,2400000.0,20500000.0,38600000.0
WWE,96000000,77428473662.0,70127,United States,Sports,2100000.0,18200000.0,34300000.0
Gaming,93600000,0.0,0,Unknown,Games,0.0,0.0,0.0
BLACKPINK,89800000,32144597566.0,543,South Korea,Music,1500000.0,12700000.0,23900000.0
Goldmines,86900000,24118230580.0,1,Unknown,Music,0.05,0.455,0.86
Sony SAB,83000000,101000000000.0,71270,India,Entertainment,5000000.0,42300000.0,79600000.0
5-Minute Crafts,80100000,26236790209.0,1,United Kingdom,Entertainment,0.0,0.025,0.05
BANGTANTV,75600000,20826993957.0,2281,South Korea,Music,504900.0,4302450.0,8100000.0
Sports,75000000,0.0,3,United States,Entertainment,0.05,0.41000000000000003,0.77
Justin Bieber,71600000,30608119724.0,249,Canada,Music,529000.0,4514500.0,8500000.0
HYBE LABELS,71300000,28634566938.0,1337,South Korea,Music,1800000.0,15250000.0,28700000.0
Zee TV,70500000,73139054467.0,129204,India,Entertainment,5100000.0,43500000.0,81900000.0
Pinkfong Baby Shark - Kids' Songs & Stories,68200000,38843229963.0,2865,United States,Education,1400000.0,12050000.0,22700000.0
Canal KondZilla,66500000,36775585925.0,2572,Brazil,Music,0.0,0.0,0.0
ChuChu TV Nursery Rhymes & Kids Songs,65900000,45757850229.0,633,India,Education,1300000.0,10750000.0,20200000.0
Shemaroo Filmi Gaane,65600000,28648024439.0,8502,India,Music,764900.0,6482450.0,12200000.0
Colors TV,64600000,61510906457.0,112915,India,Entertainment,3600000.0,30300000.0,57000000.0
T-Series Bhakti Sagar,61000000,29533230328.0,13,India,Music,0.03,0.255,0.48
Dude Perfect,59500000,16241549158.0,389,United States,Sports,423600.0,3611800.0,6800000.0
Movieclips,59500000,59316472754.0,39113,United States,Film,344000.0,2922000.0,5500000.0
Tips Official,59300000,33431802698.0,4741,India,Music,1300000.0,10800000.0,20300000.0
El Reino Infantil,58400000,57271630846.0,1510,Argentina,Music,1800000.0,15600000.0,29400000.0
Wave Music,58000000,40602020243.0,19487,India,Music,696100.0,5898050.0,11100000.0
Aaj Tak,57600000,25307753534.0,283775,India,News,1400000.0,11750000.0,22100000.0
Sony Music India,57200000,28837144516.0,3882,India,Music,777900.0,6588950.0,12400000.0
EminemMusic,56900000,27073872856.0,156,United States,Music,780600.0,6640300.0,12500000.0
Marshmello,56400000,14696003229.0,436,United States,Music,336300.0,2868150.0,5400000.0
YRF,54600000,35302243691.0,3707,India,Music,1500000.0,13050000.0,24600000.0
LooLoo Kids - Nursery Rhymes and Children's Songs,54000000,32312431239.0,11,Unknown,,0.48,4.24,8.0
Ed Sheeran,53500000,30367676736.0,383,United Kingdom,Music,608200.0,5154100.0,9700000.0
Infobells - Hindi,53300000,30516172739.0,577,India,Education,2400000.0,20800000.0,39200000.0
Taylor Swift,52900000,29884657286.0,216,United States,Music,1600000.0,13500000.0,25400000.0
Ariana Grande,52700000,24004842608.0,147,United States,Music,480600.0,4090300.0,7700000.0
BillionSurpriseToys  - Nursery Rhymes & Cartoons,52200000,9877365274.0,847,United States,Education,800200.0,6800100.0,12800000.0
JuegaGerman,48100000,14631710289.0,2052,Chile,Games,199200.0,1699600.0,3200000.0
Billie Eilish,47900000,13626331061.0,65,United States,Music,440600.0,3720300.0,7000000.0
Get Movies,47500000,30788679536.0,3322,Russia,Film,919600.0,7809800.0,14700000.0
Shemaroo,47400000,22519705183.0,11451,India,Entertainment,698200.0,5949100.0,11200000.0
Badabun,46800000,19398045702.0,1,Unknown,Music,1.0,11.0,21.0
SonyMusicIndiaVEVO,46600000,27286058807.0,3444,United States,Music,943500.0,8021750.0,15100000.0
A4,46300000,22936630813.0,1,Cuba,People,0.28,2.64,5.0
Bad Bunny,46100000,30686342319.0,1,Unknown,Sports,0.0,0.025,0.05
Fernanfloo,46100000,10323391593.0,543,El Salvador,Games,101500.0,850750.0,1600000.0
Voot Kids,45500000,21388725229.0,4660,India,Entertainment,702000.0,5951000.0,11200000.0
Felipe Neto,45200000,16602198273.0,4331,Brazil,Entertainment,391100.0,3345550.0,6300000.0
Vocï¿½ï¿½ï¿½,44700000,7828610828.0,1558,Brazil,Entertainment,144100.0,1222050.0,2300000.0
HAR PAL GEO,44600000,41139050371.0,100755,Pakistan,Entertainment,4000000.0,34100000.0,64200000.0
BRIGHT SIDE,44500000,10708531817.0,0,Unknown,,0.0,0.0,0.0
Katy Perry,44200000,25458952022.0,128,United States,Music,402700.0,3401350.0,6400000.0
whinderssonnunes,44200000,4274709210.0,558,Brazil,Comedy,80100.0,690050.0,1300000.0
ABS-CBN Entertainment,44200000,50292540392.0,193890,Philippines,Entertainment,529900.0,4514950.0,8500000.0
Alan Walker,43700000,12884264778.0,8,Thailand,Film,0.07,0.535,1.0
HolaSoyGerman.,43600000,4831311245.0,6,Unknown,People,0.01,0.1,0.19
Shakira,43500000,27568757295.0,326,Colombia,Howto,1100000.0,9050000.0,17000000.0
ýýýýýýýý ýý ýýýýýýýýýýýýýý,43200000,36458726976.0,1478,Russia,Education,911300.0,7755650.0,14600000.0
ARY Digital HD,43200000,37939780685.0,109871,Pakistan,Entertainment,3400000.0,29300000.0,55200000.0
Speed Records,42500000,26820902622.0,10938,India,Music,479300.0,4089650.0,7700000.0
Masha and The Bear,42400000,24519022988.0,1218,United States,Film,2000000.0,17100000.0,32200000.0
Like Nastya Show,42400000,19547696190.0,618,United States,Entertainment,159600.0,1379800.0,2600000.0
Rihanna,41900000,22477745835.0,84,Barbados,Music,548800.0,4674400.0,8800000.0
Ishtar Music,41400000,17608931161.0,4510,India,Music,542800.0,4621400.0,8700000.0
Kimberly Loaiza,41300000,5603111948.0,291,Mexico,People,410200.0,3505100.0,6600000.0
Little Baby Bum - Nursery Rhymes & Kids Songs,40900000,39450824833.0,2423,United States,Education,296300.0,2498150.0,4700000.0
Luisito Comunica,40600000,8670473639.0,0,Mexico,Comedy,0.0,0.0,0.0
elrubiusOMG,40400000,7410536668.0,703,Unknown,Entertainment,17300.0,147200.0,277100.0
Toys and Colors,40300000,47005053156.0,4,Unknown,People,0.02,0.13,0.24
shfa2 - ï¿½ï¿½,39700000,23884824160.0,1596,United Arab Emirates,People,743200.0,6321600.0,11900000.0
LUCCAS NETO - LUCCAS TOON,39400000,22302547082.0,1,Unknown,Games,0.01,0.055,0.1
CarryMinati,39200000,3294013141.0,186,India,Comedy,236100.0,2018050.0,3800000.0
XXXTENTACION,39200000,10507474316.0,133,United States,Music,175100.0,1487550.0,2800000.0
Super Simple Songs - Kids Songs,39200000,44900897958.0,744,Canada,Education,1700000.0,14300000.0,26900000.0
Mikecrack,39100000,16118181673.0,1876,Spain,Games,792300.0,6746150.0,12700000.0
WorkpointOfficial,39000000,36131228583.0,72580,Thailand,Entertainment,391400.0,3345700.0,6300000.0
GR6 EXPLODE,38900000,25154232306.0,3043,Brazil,Music,4900000.0,41700000.0,78500000.0
TEDx Talks,38600000,7339333120.0,200933,United States,Nonprofit,136900.0,1168450.0,2200000.0
shfa,38400000,21528116909.0,982,Saudi Arabia,Games,4800.0,40550.0,76300.0
Goldmines Gaane Sune Ansune,38300000,16718192386.0,3532,India,Music,2400000.0,20750000.0,39100000.0
One Direction,38200000,13598903820.0,11,United States,Music,19.0,162.0,305.0
TheEllenShow,38200000,22756581750.0,15672,United States,Entertainment,65400.0,532700.0,1000000.0
Sony PAL,38200000,28519339489.0,24089,India,Entertainment,1200000.0,10600000.0,20000000.0
Daddy Yankee,38000000,22731415608.0,505,United States,Music,616800.0,5258400.0,9900000.0
Vlad vï¿½ï¿½ï,37900000,23510152352.0,515,United States,Entertainment,732300.0,6216150.0,11700000.0
Like Nastya ESP,37600000,18208196857.0,743,United States,Entertainment,963100.0,8181550.0,15400000.0
ýýýýýýýýýýýý one31,37500000,27262462114.0,117152,Thailand,Entertainment,422300.0,3611150.0,6800000.0
Jkk Entertainment,37200000,16402066717.0,220,India,Comedy,149600.0,1274800.0,2400000.0
ABP NEWS,37000000,13102611515.0,301308,India,News,801200.0,6800600.0,12800000.0
Maria Clara & JP,37000000,24188861917.0,744,Brazil,Entertainment,754300.0,6427150.0,12100000.0
Bruno Mars,36700000,19378155425.0,99,United States,Music,525700.0,4462850.0,8400000.0
Maroon 5,36600000,22553923546.0,171,United States,Music,458500.0,3879250.0,7300000.0
Ultra Bollywood,36600000,15653786446.0,9168,India,Entertainment,0.0,0.0,0.0
PowerKids TV,36500000,18961241905.0,5621,Unknown,Film,956100.0,8128050.0,15300000.0
YouTube,36300000,3010784935.0,744,United States,Entertainment,63300.0,531650.0,1000000.0
News,36300000,0.0,0,Unknown,,0.0,0.0,0.0
Ozuna,36200000,23355801606.0,196,Unknown,Music,507700.0,4303850.0,8100000.0
MrBeast Gaming,36100000,6331332547.0,5,Unknown,Comedy,0.1,1.05,2.0
La Granja de Zenï¿½,35700000,27118354077.0,654,Argentina,Music,906200.0,7703100.0,14500000.0
Saregama Music,35500000,15657673422.0,7566,India,Music,1600000.0,13600000.0,25600000.0
IndiaTV,35500000,16105023749.0,273255,India,News,872500.0,7436250.0,14000000.0
T-Series Bollywood Classics,35400000,22637783517.0,2010,India,Music,994400.0,8447200.0,15900000.0
Total Gaming,35400000,5556364230.0,1,Unknown,Autos,0.16,1.58,3.0
Markiplier,35200000,20297931219.0,5490,United States,Games,382000.0,3241000.0,6100000.0
Ryan's World,35200000,55299840198.0,2453,United States,Entertainment,715800.0,6107900.0,11500000.0
Genevieve's Playhouse - Learning Videos for Kids,34900000,25607397308.0,617,United States,Film,1000000.0,8550000.0,16100000.0
T-Series Apna Punjab,34600000,21306315429.0,0,Unknown,News,0.0,0.0,0.0
Techno Gamerz,34400000,9690499664.0,1,Unknown,Games,0.26,2.13,4.0
Geet MP3,34300000,12746535822.0,679,India,Music,304100.0,2602050.0,4900000.0
J Balvin,34100000,23005313609.0,141,Colombia,Music,386100.0,3293050.0,6200000.0
Jess No Limit,34000000,3963007415.0,2284,Indonesia,Entertainment,1600000.0,13950000.0,26300000.0
Jingle Toons,34000000,11351015824.0,240,India,Film,539700.0,4569850.0,8600000.0
VEGETTA777,33800000,15432929204.0,7606,Spain,Games,117300.0,1008650.0,1900000.0
Galinha Pintadinha,33800000,27274550757.0,66,Brazil,Film,1200000.0,10300000.0,19400000.0
SSSniperWolf,33700000,23492684419.0,3366,United States,Entertainment,632900.0,5366450.0,10100000.0
Desi Music Factory,33700000,10189027455.0,2,Unknown,Music,0.0,0.0,0.0
Selena Gomez,33600000,13013567335.0,188,United States,Music,347400.0,2973700.0,5600000.0
Rajshri,33500000,14864294792.0,3741,India,Entertainment,816800.0,6958400.0,13100000.0
Ch3Thailand,33500000,29611914495.0,96214,Thailand,Entertainment,0.0,0.0,0.0
KHANDESHI MOVIES,33500000,11405809704.0,217,India,Comedy,74200.0,637100.0,1200000.0
NoCopyrightSounds,33400000,10530729078.0,1331,United Kingdom,Music,167000.0,1433500.0,2700000.0
CVS 3D Rhymes & Kids Songs,33400000,20269857567.0,338,India,Education,408300.0,3454150.0,6500000.0
Ricis Official,33300000,5994136760.0,2736,Indonesia,Entertainment,471300.0,3985650.0,7500000.0
BabyBus - Kids Songs and Cartoons,32800000,26355088167.0,2122,United States,Education,382500.0,3241250.0,6100000.0
Eros Now Music,32700000,17853798780.0,1521,India,Entertainment,60800.0,516700.0,972600.0
BETER Bï¿½ï¿½,32700000,19180039918.0,2738,Turkey,Games,4400000.0,37300000.0,70200000.0
DisneyMusicVEVO,32700000,28516250629.0,2068,United States,Music,989600.0,8394800.0,15800000.0
The Weeknd,32600000,23379969006.0,169,Canada,Music,1100000.0,9500000.0,17900000.0
WowKidz,32200000,16613441479.0,2,Unknown,Entertainment,0.0,0.025,0.05
KAROL G,32100000,18699145555.0,134,Colombia,Music,1400000.0,11900000.0,22400000.0
Mr Bean,32100000,10602236110.0,3091,United Kingdom,Comedy,169600.0,1434800.0,2700000.0
rezendeevil,32100000,13061739758.0,11882,Brazil,Entertainment,133500.0,1116750.0,2100000.0
StarPlus,32000000,26800674545.0,44892,India,Entertainment,5000000.0,42500000.0,80000000.0
SMTOWN,31900000,27330239663.0,4158,Unknown,Music,700200.0,5950100.0,11200000.0
GMA  Network,31900000,19428308461.0,93311,Philippines,Entertainment,2400000.0,20350000.0,38300000.0
GENIAL,31800000,6762424690.0,6734,Mexico,Howto,94400.0,797200.0,1500000.0
MR. INDIAN HACKER,31700000,5711208484.0,929,India,Tech,327400.0,2763700.0,5200000.0
Worldwide Records Bhojpuri,31700000,16476978876.0,6518,India,Music,337900.0,2868950.0,5400000.0
DONA ï¿½ï¿½,31700000,21031745531.0,166,United States,Entertainment,459800.0,3929900.0,7400000.0
Dream,31700000,2930015381.0,116,United States,Games,81100.0,690550.0,1300000.0
Lucas and Marcus,31600000,11615848291.0,1321,United States,Entertainment,936300.0,7968150.0,15000000.0
JustinBieberVEVO,31600000,26583873105.0,204,United States,Music,315400.0,2657700.0,5000000.0
Luis Fonsi,31400000,15176762479.0,0,Unknown,,0.0,0.0,0.0
Peppa Pig - Official Channel,31400000,22919271731.0,3589,United Kingdom,Education,734800.0,6267400.0,11800000.0
YOLO AVENTURAS,31200000,9673649438.0,65,Venezuela,Comedy,11.0,91.5,172.0
The Tonight Show Starring Jimmy Fallon,31200000,17111726160.0,8976,United States,Comedy,0.0,0.0,0.0
TheDonato,31200000,6187804950.0,3027,Argentina,Games,572000.0,4886000.0,9200000.0
ImagineDragons,30700000,16793072362.0,92,United States,Music,566500.0,4833250.0,9100000.0
Diana and Roma ESP,30700000,12355992466.0,578,United States,Entertainment,309000.0,2604500.0,4900000.0
Round2hell,30700000,3145161634.0,67,India,Entertainment,95500.0,797750.0,1500000.0
Zee News,30500000,16709857823.0,180092,India,News,1400000.0,11800000.0,22200000.0
AboFlah,30500000,4521573939.0,641,Kuwait,Entertainment,473700.0,4036850.0,7600000.0
AH,30400000,4332274962.0,2197,Indonesia,Entertainment,64300.0,532150.0,1000000.0
Trap Nation,30400000,14037426379.0,2725,United States,Music,137500.0,1168750.0,2200000.0
ýýýýýýýýýýýýýýý ýýýýýý ýýýýýýýýýýýýýýýýýý,30400000,17999961915.0,532,United States,Entertainment,368800.0,3134400.0,5900000.0
Boram Tube Vlog [ï¿½ï¿½ï¿½ï¿½ï¿½ï¿½ï¿½ï¿½ï¿,30300000,13546549817.0,223,United States,Entertainment,68200.0,584100.0,1100000.0
Adele,30200000,14199108016.0,15,United Kingdom,Music,411300.0,3505650.0,6600000.0
Talking Tom,30200000,15199330166.0,2,United States,Entertainment,0.0,0.0,0.0
ýýýýýýýý ýýýýýýýý ýýýýýýýýýý | toyoraljanahtv,30200000,27684955537.0,3254,Jordan,Music,349300.0,2974650.0,5600000.0
Frost Diamond,30100000,7277493940.0,0,Unknown,,0.0,0.0,0.0
Spinnin' Records,30100000,19607009165.0,11501,Netherlands,Music,300100.0,2550050.0,4800000.0
Little Angel: Nursery Rhymes & Kids Songs,30100000,22593193994.0,1349,United States,Education,322600.0,2761300.0,5200000.0
jacksepticeye,30100000,16246625836.0,5114,Unknown,Games,121300.0,1010650.0,1900000.0
Shawn Mendes,30000000,12831200855.0,133,Canada,Music,266200.0,2283100.0,4300000.0
ashish chanchlani vines,29800000,4457913639.0,151,India,Comedy,78500.0,689250.0,1300000.0
Ultra Records,29600000,17208027242.0,4903,United States,Music,245700.0,2072850.0,3900000.0
Popular on YouTube,29300000,0.0,3,Unknown,Education,0.0,0.025,0.05
Maluma,29300000,21226945136.0,14,Argentina,People,0.05,0.385,0.72
Zhong,29200000,14727238483.0,1513,United States,Entertainment,0.0,0.0,0.0
Enaldinho,29200000,11627437847.0,3654,Brazil,Games,909300.0,7704650.0,14500000.0
AuronPlay,29200000,4079141673.0,404,Spain,Comedy,36400.0,309650.0,582900.0
Shorts Break,29000000,19466238065.0,42,Unknown,,182.0,1541.0,2900.0
infobells - Tamil,28900000,17930570614.0,555,India,Education,329500.0,2814750.0,5300000.0
Aditya Music India,28500000,25857994495.0,0,Unknown,Music,0.0,0.0,0.0
The Late Late Show with James Corden,28400000,9956764048.0,5809,United States,Entertainment,79300.0,689650.0,1300000.0
Aditya Movies,28400000,10062770060.0,5436,India,Film,682100.0,5791050.0,10900000.0
Masha y el Oso,28300000,13577142726.0,6,Unknown,,0.01,0.055,0.1
infobells - Telugu,28300000,14814192034.0,505,India,Education,864300.0,7332150.0,13800000.0
HUM TV,28300000,23844936965.0,106983,Pakistan,Entertainment,2100000.0,17500000.0,32900000.0
Shemaroo Movies,28200000,7600740993.0,3009,India,Film,554900.0,4727450.0,8900000.0
Michael Jackson,28200000,14412474625.0,15,United States,Music,475800.0,4037900.0,7600000.0
Drake,28100000,15318895118.0,3,Unknown,Film,0.09,0.545,1.0
Goldmines Dishoom,28000000,8603468420.0,3878,Unknown,Film,387600.0,3293800.0,6200000.0
Sandeep Maheshwari,27800000,2303069221.0,0,Singapore,,0.0,0.0,0.0
Bounce Patrol - Kids Songs,27800000,21037851468.0,292,Australia,Music,382300.0,3241150.0,6100000.0
toycantando,27700000,15777682516.0,619,Colombia,Music,521500.0,4410750.0,8300000.0
MrBeast 2,27500000,4552581106.0,27,United States,Music,0.0,0.0,0.0
Wiz Khalifa,27500000,13379395501.0,682,United States,Music,271300.0,2285650.0,4300000.0
JYP Entertainment,27400000,19883150017.0,1753,South Korea,Music,922900.0,7861450.0,14800000.0
ýýý Kids Roma Show,27400000,10336420490.0,642,United States,Entertainment,527500.0,4463750.0,8400000.0
DanTDM,27400000,19417887510.0,3664,United Kingdom,Games,236000.0,2018000.0,3800000.0
Nick Jr.,27300000,22440611155.0,5438,United States,Entertainment,127600.0,1063800.0,2000000.0
Crazy XYZ,27300000,7705492350.0,1259,India,Tech,306700.0,2603350.0,4900000.0
ToyPuddingTV,27100000,15916882228.0,2,Unknown,People,0.04,0.35500000000000004,0.67
Dushyant kukreja,27100000,17318452893.0,889,India,Entertainment,1300000.0,10950000.0,20600000.0
Gulshan Kalra,27100000,12732444881.0,545,Unknown,Howto,1500000.0,12800000.0,24100000.0
Brent Rivera,27000000,6570935979.0,554,United States,Entertainment,433400.0,3666700.0,6900000.0
Renato Garcia YT,26900000,7938616641.0,3956,Brazil,Entertainment,248700.0,2124350.0,4000000.0
Beast Reacts,26700000,4388047013.0,241,United States,Entertainment,828600.0,7064300.0,13300000.0
enchufetv,26700000,10317306313.0,975,Colombia,Comedy,73100.0,636550.0,1200000.0
Netflix,26700000,7173668905.0,6471,United States,Entertainment,354700.0,3027350.0,5700000.0
Raffy Tulfo in Action,26500000,15065753455.0,10022,Philippines,News,489400.0,4144700.0,7800000.0
WORLDSTARHIPHOP,26500000,20358117330.0,6873,United States,Music,267300.0,2283650.0,4300000.0
Goldmines Bollywood,26400000,8595760553.0,3622,India,Film,299000.0,2549500.0,4800000.0
Alan Chikin Chow,26400000,27006526665.0,865,United States,Comedy,3100000.0,26650000.0,50200000.0
PANDA BOI,26400000,17211600007.0,967,Italy,Entertainment,3700000.0,31250000.0,58800000.0
BB Ki Vines,26300000,4749833967.0,190,India,Entertainment,51800.0,440200.0,828600.0
D Billions,26200000,31977463002.0,775,United States,Entertainment,1500000.0,12450000.0,23400000.0
Junya.ï¿½ï¿½ï¿½ï¿½,26200000,16097531087.0,5985,Japan,Entertainment,2200000.0,18400000.0,34600000.0
Smosh,26100000,10435474336.0,1619,United States,Comedy,204500.0,1752250.0,3300000.0
1MILLION Dance Studio,26100000,7886440199.0,0,Saudi Arabia,Music,0.0,0.0,0.0
NichLmao,26000000,14101010609.0,868,Unknown,People,1800000.0,15450000.0,29100000.0
Beyoncï¿,26000000,17308961985.0,240,United States,Music,166400.0,1433200.0,2700000.0
Marï¿½ï¿½ï¿½ï¿½ï¿½,26000000,18597534412.0,1,Unknown,Music,0.01,0.07500000000000001,0.14
Indosiar,25900000,11372071889.0,65286,Indonesia,Entertainment,690500.0,5845250.0,11000000.0
VanossGaming,25800000,15541421838.0,1762,Canada,Games,164800.0,1382400.0,2600000.0
David Guetta,25700000,17793809548.0,749,United States,Music,492600.0,4196300.0,7900000.0
LosPolinesios,25700000,7466926260.0,982,Mexico,People,91500.0,795750.0,1500000.0
Nicki Minaj,25700000,10242981063.0,42,United States,Music,310900.0,2655450.0,5000000.0
Fede Vigevani,25600000,7962725960.0,0,Unknown,,0.0,0.0,0.0
TaylorSwiftVEVO,25600000,25592378292.0,287,United States,Music,955800.0,8127900.0,15300000.0
ZHC,25500000,2726917087.0,5,Unknown,Entertainment,0.06,0.51,0.96
Post Malone,25500000,14401218086.0,78,United States,Music,586500.0,4993250.0,9400000.0
Rans Entertainment,25400000,6430853035.0,3716,Indonesia,Entertainment,175500.0,1487750.0,2800000.0
LankyBox,25400000,34300482066.0,8775,United States,Games,2400000.0,20750000.0,39100000.0
Coldplay,25300000,17331663193.0,398,United Kingdom,Music,596600.0,5048300.0,9500000.0
Las Ratitas,25200000,9602246828.0,4,Unknown,People,0.03,0.28,0.53
WB Kids,25200000,11081602368.0,2025,United States,Film,421000.0,3560500.0,6700000.0
ABPLIVE,25200000,7968363381.0,12,Unknown,People,0.01,0.055,0.1
Chris Brown,25200000,15520569496.0,0,Unknown,,0.0,0.0,0.0
The Lallantop,25200000,10409352249.0,51129,India,News,821800.0,6960900.0,13100000.0
RihannaVEVO,25100000,19458807708.0,118,United States,Music,282700.0,2391350.0,4500000.0
WatchMojo.com,25100000,16357064198.0,24837,Canada,Entertainment,147000.0,1273500.0,2400000.0
TRANS7 OFFICIAL,25000000,14169516119.0,89179,Indonesia,Entertainment,369600.0,3134800.0,5900000.0
Anuel AA,25000000,14827085149.0,147,Colombia,Music,852400.0,7226200.0,13600000.0
Dan Rhodes,24800000,17387583720.0,1644,United Kingdom,Entertainment,995700.0,8447850.0,15900000.0
Yuya,24800000,2588501115.0,672,Mexico,Howto,1000.0,8550.0,16100.0
America's Got Talent,24800000,3699352704.0,1894,United States,Entertainment,403200.0,3451600.0,6500000.0
mujjuu___14,24800000,14655527943.0,872,Unknown,People,1200000.0,10200000.0,19200000.0
EminemVEVO,24700000,20531704527.0,104,United States,Music,418300.0,3559150.0,6700000.0
Chloe Ting,24700000,2994726412.0,412,Australia,Howto,69800.0,584900.0,1100000.0
KatyPerryVEVO,24600000,23755792542.0,175,United States,Music,266800.0,2283400.0,4300000.0
Mark Rober,24600000,3647987299.0,120,United States,Tech,265900.0,2282950.0,4300000.0
1theK (ï¿½ï¿½ï¿½ï¿½ï,24500000,23962070944.0,18950,South Korea,Entertainment,316700.0,2708350.0,5100000.0
Like Nastya AE,24400000,12385924995.0,658,United States,Entertainment,509600.0,4354800.0,8200000.0
Amit Bhadana,24300000,2380248899.0,17,Unknown,People,0.02,0.13,0.24
Pen Movies,24300000,6608773195.0,1667,India,Film,284600.0,2442300.0,4600000.0
MrBeast en Espaï¿½ï,24200000,2700914170.0,67,Mexico,Entertainment,100800.0,850400.0,1600000.0
shfa show India,24200000,15724160183.0,469,United Arab Emirates,People,453600.0,3876800.0,7300000.0
Super JoJo - Nursery Rhymes & Kids Songs,24100000,329774870.0,36,United States,Education,985500.0,8392750.0,15800000.0
Alejo Igoa,24100000,10999000479.0,802,Argentina,Entertainment,1200000.0,10250000.0,19300000.0
Daniel LaBelle,24100000,12916159065.0,287,Unknown,Comedy,1200000.0,10150000.0,19100000.0
netd mï¿½ï¿,24100000,56106087508.0,23491,Turkey,Music,1300000.0,10850000.0,20400000.0
DJ Snake,24100000,8425505919.0,252,United States,Music,189900.0,1594950.0,3000000.0
Diana and Roma ARA,24100000,11041261296.0,590,United States,Entertainment,200700.0,1700350.0,3200000.0
KSI,24100000,6002166932.0,1252,United Kingdom,Music,16300.0,138700.0,261100.0
Spider Slack,24000000,13943030228.0,901,Brazil,Comedy,2300000.0,19400000.0,36500000.0
Goldmines Movies,24000000,5652938599.0,3,Unknown,People,0.01,0.07500000000000001,0.14
Preston,24000000,8279004442.0,4009,United States,Entertainment,455100.0,3877550.0,7300000.0
James Charles,23900000,4067878931.0,505,United States,Entertainment,174400.0,1487200.0,2800000.0
Collins Key,23900000,6582932625.0,257,United States,Entertainment,32600.0,276750.0,520900.0
Diana and Roma EN,23900000,7213499085.0,511,United States,Entertainment,533300.0,4516650.0,8500000.0
Venus Entertainment,23800000,5663125358.0,70,Unknown,Entertainment,95.0,797.5,1500.0
Troom Troom,23800000,10414479943.0,2425,United States,Howto,294200.0,2497100.0,4700000.0
Enrique Iglesias,23800000,17688774915.0,443,United States,Music,368700.0,3134350.0,5900000.0
Ninja,23700000,2543809954.0,1732,United States,Games,25100.0,213400.0,401700.0
FaZe Rug,23700000,7451792132.0,0,Canada,Games,0.0,0.0,0.0
Mister Max,23700000,15510153803.0,1099,United Kingdom,Entertainment,98400.0,849200.0,1600000.0
That Little Puff,23700000,20289689389.0,769,United States,Animals,2300000.0,19250000.0,36200000.0
NickyJamTV,23600000,15901824841.0,392,Unknown,Music,233800.0,1966900.0,3700000.0
Juan De Dios Pantoja,23600000,2135644776.0,226,Mexico,People,140600.0,1170300.0,2200000.0
Logan Paul,23600000,5994002464.0,719,United States,Entertainment,32400.0,275500.0,518600.0
Maya and Mary,23600000,6766461070.0,552,United States,Entertainment,133600.0,1116800.0,2100000.0
Peppa Pig Espaï¿½ï¿½ï¿½ï¿½ï¿½ï¿½ï¿½ï¿½ï¿½,23600000,7920637200.0,1251,United Kingdom,Film,160800.0,1380400.0,2600000.0
Jelly,23500000,14777034543.0,6066,United Kingdom,Games,125000.0,1062500.0,2000000.0
Miss Katy,23500000,14696994366.0,1044,United Kingdom,Entertainment,178900.0,1539450.0,2900000.0
Tilak,23400000,9465863821.0,6672,India,Film,1100000.0,9350000.0,17600000.0
Valentina Pontes ofc,23400000,7926899136.0,1291,Brazil,Entertainment,84900.0,742450.0,1400000.0
Sesame Street,23300000,22471357411.0,3657,United States,Entertainment,372600.0,3186300.0,6000000.0
Happy Lives,23200000,2634.0,1,United States,Entertainment,0.0,0.0,0.0
Lady Gaga,23200000,15751661213.0,172,United States,Music,429500.0,3664750.0,6900000.0
Akshay Nagwadiya,23200000,7966720147.0,595,Unknown,Entertainment,963500.0,8181750.0,15400000.0
Wave Music Bhojpuri,23100000,12889240875.0,22578,India,Music,158000.0,1329000.0,2500000.0
GMM GRAMMY OFFICIAL,23100000,25579831081.0,15462,Thailand,Music,390700.0,3345350.0,6300000.0
TED,23100000,2551113422.0,4445,United States,Tech,39700.0,337750.0,635800.0
unknown boy varun,23100000,9299371231.0,456,India,Music,912100.0,7756050.0,14600000.0
Kids TV - Nursery Rhymes And Baby Songs,23100000,13151870846.0,3781,United States,Music,385300.0,3292650.0,6200000.0
Tsuriki Show,23000000,31494513067.0,2905,Germany,Comedy,2300000.0,19300000.0,36300000.0
Technical Guruji,23000000,3378047383.0,5041,India,Tech,66800.0,583400.0,1100000.0
DrossRotzank,23000000,6041264489.0,1598,Argentina,Entertainment,106600.0,903300.0,1700000.0
White Hill Music,23000000,10939966484.0,5718,India,Music,279500.0,2389750.0,4500000.0
Ultra Movie Parlour,22900000,5320485069.0,1670,India,Film,0.0,0.0,0.0
Alan Becker,22900000,5380073627.0,0,United States,Games,0.0,0.0,0.0
toyorbabytv,22900000,16298342829.0,1159,Jordan,Music,507200.0,4303600.0,8100000.0
BabyBus - Canciones Infantiles & Videos para Niï¿½ï,22900000,13206471140.0,1251,Mexico,Education,410500.0,3505250.0,6600000.0
KL BRO Biju Rithvik,22800000,17988347989.0,1841,Unknown,Entertainment,6100000.0,51850000.0,97600000.0
Vania Mania Kids,22700000,10115316784.0,985,United States,Education,465600.0,3982800.0,7500000.0
Like Nastya PRT,22700000,11568118121.0,654,Unknown,Entertainment,289800.0,2444900.0,4600000.0
Sun TV,22600000,20847038152.0,60964,India,Entertainment,2900000.0,25000000.0,47100000.0
Heroindori,22600000,9223534599.0,495,India,Entertainment,1200000.0,10200000.0,19200000.0
The Chainsmokers,22600000,14231943358.0,180,United States,Music,245000.0,2072500.0,3900000.0
mmoshaya,22600000,17507060680.0,1189,Saudi Arabia,Entertainment,221500.0,1860750.0,3500000.0
Sia,22600000,13405849040.0,171,United States,Music,285800.0,2442900.0,4600000.0
LeoNata Family,22600000,27084848152.0,2321,United States,People,3500000.0,29900000.0,56300000.0
Goldmines Cineplex,22500000,2431154438.0,3377,India,Film,146200.0,1223100.0,2300000.0
Vlad and Niki Arabic,22500000,10613701948.0,526,United States,Entertainment,195200.0,1647600.0,3100000.0
SSundee,22500000,13835173331.0,3315,United States,Games,525300.0,4462650.0,8400000.0
Paulo Londra,22400000,8040036209.0,58,Argentina,Music,216700.0,1858350.0,3500000.0
Smile Family,22300000,8663830163.0,34,France,Music,2.0,18.5,35.0
FGTeeV,22300000,24059336857.0,1724,United States,Games,396300.0,3348150.0,6300000.0
Kinder Spielzeug Kanal (Kidibli),22200000,11136266461.0,999,United States,Entertainment,418000.0,3559000.0,6700000.0
Charlie Puth,22000000,9924807127.0,157,United States,Music,334500.0,2867250.0,5400000.0
Vlad and Niki ESP,22000000,8594440895.0,515,United States,Entertainment,551600.0,4675800.0,8800000.0
Sagawa /ï¿½ï¿½ï¿½,22000000,18347969186.0,6274,Japan,Entertainment,2100000.0,18100000.0,34100000.0
Ben Azelart,21900000,4454917643.0,301,United States,Entertainment,554800.0,4727400.0,8900000.0
Zach Choi ASMR,21900000,5918314128.0,946,United States,People,702700.0,5951350.0,11200000.0
Topper Guild,21900000,15552070846.0,816,United States,Comedy,2100000.0,17550000.0,33000000.0
Disney Latinoamï¿½ï¿½,21900000,20657571751.0,116,Mexico,Music,14.0,120.5,227.0
Stokes Twins,21800000,4469711607.0,257,United States,People,593900.0,5046950.0,9500000.0
National Geographic,21800000,5614621131.0,10162,United States,Entertainment,137400.0,1168700.0,2200000.0
Dua Lipa,21800000,11288359365.0,164,United Kingdom,Music,384100.0,3242050.0,6100000.0
OneDirectionVEVO,21800000,12140232004.0,266,United Kingdom,Music,153400.0,1326700.0,2500000.0
Rotana,21800000,19329351143.0,135,Unknown,Music,32.0,269.5,507.0
Netflix India,21800000,7780934187.0,1,Unknown,People,0.0,0.0,0.0
Sourav Joshi Vlogs,21700000,9392093496.0,1390,Unknown,People,796000.0,6748000.0,12700000.0
ZAMZAM ELECTRONICS TRADING,21700000,8507818877.0,15126,United Arab Emirates,People,4800000.0,40750000.0,76700000.0
DUDU e CAROL,21600000,9597894786.0,2942,Brazil,Entertainment,579500.0,4939750.0,9300000.0
Village Cooking Channel,21600000,5863377051.0,219,India,Howto,583800.0,4941900.0,9300000.0
Eva Bravo Play,21600000,9346383505.0,228,United States,Entertainment,191800.0,1645900.0,3100000.0
Tekashi 6ix9ine,21500000,5890180734.0,51,United States,Music,340600.0,2870300.0,5400000.0
Tlnovelas,21500000,15013096899.0,158,Mexico,Entertainment,46.0,394.0,742.0
SMOL,21500000,22065582014.0,6,Unknown,Music,0.01,0.07500000000000001,0.14
invictor,21500000,8409641722.0,17,Chile,People,0.15,1.075,2.0
YOLO,21400000,1573058816.0,0,Germany,,0.0,0.0,0.0
Sidhu Moose Wala,21400000,6264261757.0,114,India,Music,482100.0,4091050.0,7700000.0
The Royalty Family,21300000,6269945014.0,733,United States,People,480700.0,4090350.0,7700000.0
Becky G,21300000,10644857969.0,78,United States,Music,309500.0,2654750.0,5000000.0
Ishaan Ali 11,21300000,12761253839.0,951,India,People,2200000.0,18600000.0,35000000.0
Infinite,21300000,5141834668.0,1608,United States,Entertainment,205100.0,1752550.0,3300000.0
Azhan5star,21300000,10047736580.0,669,India,Entertainment,708900.0,6004450.0,11300000.0
Dangal TV Channel,21300000,12895427184.0,20225,India,Entertainment,1700000.0,14300000.0,26900000.0
Khan GS Research Centre,21200000,2073073070.0,1,Unknown,People,0.0,0.0,0.0
GMA Public  Affairs,21200000,11364908616.0,31989,Philippines,News,427000.0,3613500.0,6800000.0
Tasty,21100000,5783557209.0,4728,United States,Howto,74100.0,637050.0,1200000.0
Baim Paula,21100000,4526271677.0,2325,Indonesia,Entertainment,80900.0,690450.0,1300000.0
nigahiga,21000000,4380564906.0,403,United States,Entertainment,7400.0,63150.0,118900.0
Rafa & Luiz,21000000,7762905663.0,2883,Brazil,Entertainment,355200.0,3027600.0,5700000.0
Lyrical Lemonade,21000000,10631638628.0,420,United States,Entertainment,240200.0,2020100.0,3800000.0
Vlad and Niki IDN,21000000,9789121606.0,498,United States,Entertainment,400100.0,3400050.0,6400000.0
Dr. Vivek Bindra: Motivational Speaker,20900000,1693149479.0,896,India,Education,85800.0,742900.0,1400000.0
Fatos Desconhecidos,20900000,3828000587.0,6262,Brazil,Entertainment,157000.0,1328500.0,2500000.0
Brave Wilderness,20900000,4927879069.0,982,United States,Animals,0.0,0.0,0.0
LIV Crime,20900000,11058049885.0,9850,United States,People,1200000.0,9800000.0,18400000.0
Minecraft - Topic,20900000,0.0,0,Unknown,Games,0.0,0.0,0.0
Romeo Santos,20900000,17324976752.0,6,United States,Music,0.3,2.65,5.0
Canal Canalha,20800000,1870608170.0,288,Brazil,Comedy,71700.0,585850.0,1100000.0
Kurzgesagt ï¿½ï¿½ï¿½ï¿½ï¿½ï¿,20800000,2378448129.0,193,Germany,Education,87800.0,743900.0,1400000.0
Yoeslan,20700000,17963202261.0,619,United States,Entertainment,2600000.0,22300000.0,42000000.0
5-Minute Crafts DIY,20700000,5091618606.0,5062,United States,Howto,60000.0,510300.0,960600.0
Zach King,20700000,5410164682.0,6,Unknown,Entertainment,0.38,3.19,6.0
tuzelity SHUFFLE,20700000,8658941531.0,889,Russia,People,1700000.0,14100000.0,26500000.0
NBA,20700000,12624879732.0,47926,United States,Sports,219100.0,1859550.0,3500000.0
Deddy Corbuzier,20600000,4956090094.0,15,Indonesia,Entertainment,0.26,2.13,4.0
Bizarrap,20600000,7657171980.0,83,Argentina,Entertainment,579500.0,4939750.0,9300000.0
Avicii,20600000,10292874715.0,156,Sweden,Music,243700.0,2071850.0,3900000.0
Mnet K-POP,20500000,15038593883.0,33229,South Korea,Entertainment,475600.0,4037800.0,7600000.0
LazarBeam,20500000,8768697257.0,1323,Australia,Games,78200.0,689100.0,1300000.0
Ninja Kidz TV,20500000,11009148579.0,296,United States,Entertainment,585600.0,4992800.0,9400000.0
Totoy kids - Portuguï¿½,20400000,1796227417.0,206,Brazil,Film,118500.0,1009250.0,1900000.0
Jake Paul,20400000,7311322368.0,1006,United States,People,43900.0,373450.0,703000.0
Linkin Park,20400000,13397000296.0,0,Afghanistan,Games,0.0,0.0,0.0
Vijay Television,20400000,29406206620.0,51515,India,Entertainment,2700000.0,23150000.0,43600000.0
SlivkiShow,20400000,4707412332.0,462,Ukraine,Entertainment,87000.0,743500.0,1400000.0
Emiway Bantai,20400000,3579555124.0,239,India,Music,123900.0,1061950.0,2000000.0
Got Talent Global,20300000,2441288701.0,1245,United Kingdom,Entertainment,259400.0,2179700.0,4100000.0
ýýýýýýýýýýýýýýý - Genevieve's Playhouse,20300000,11022391339.0,107,Unknown,Education,215300.0,1807650.0,3400000.0
BabyBus - Cerita & Lagu Anak-anak,20300000,11819051552.0,875,Indonesia,Education,338300.0,2869150.0,5400000.0
Ami Rodriguez,20200000,2951914200.0,460,Colombia,Entertainment,791600.0,6745800.0,12700000.0
Noor Stars,20200000,2764127969.0,693,United Arab Emirates,Entertainment,46700.0,396700.0,746700.0
Family GamesTV,20200000,7066711323.0,0,Unknown,Games,0.0,0.0,0.0
Kiddiestv Hindi - Nursery Rhymes & Kids Songs,20200000,7274150246.0,226,India,Education,340300.0,2870150.0,5400000.0
dednahype,20200000,20919403720.0,1935,Latvia,Comedy,3700000.0,31750000.0,59800000.0
Marta and Rustam,20200000,19694265358.0,761,United States,Comedy,1400000.0,11550000.0,21700000.0
MiawAug,20200000,6098644584.0,3713,Indonesia,Games,193500.0,1646750.0,3100000.0
CookieSwirlC,20100000,23353115850.0,3774,United States,Games,665100.0,5632550.0,10600000.0
Skrillex,20100000,6618524158.0,241,United States,Music,75800.0,637900.0,1200000.0
AuthenticGames,20100000,8920141342.0,4974,Brazil,Games,16300.0,138250.0,260200.0
Robin Hood Gamer,20100000,10366850490.0,0,Unknown,Games,0.0,0.0,0.0
Pencilmation,20100000,11317309935.0,1481,United States,Entertainment,44600.0,379000.0,713400.0
7clouds,20100000,14816075927.0,2384,United States,Music,830300.0,7065150.0,13300000.0
5-Minute Crafts PLAY,20100000,6119294270.0,5491,United States,Howto,317400.0,2708700.0,5100000.0
Marvel Entertainment,20100000,5634695322.0,1,United States,Film,0.19,1.595,3.0
BuzzFeedVideo,20100000,17913237851.0,7737,United States,People,27300.0,232350.0,437400.0
REACT,20000000,13154314376.0,4339,United States,Entertainment,69600.0,584800.0,1100000.0
Vevo,20000000,559765455.0,1527,United States,Music,4000.0,33950.0,63900.0
Gordon Ramsay,20000000,3875172235.0,1527,United Kingdom,Entertainment,117700.0,1008850.0,1900000.0
Pentatonix,20000000,6033295543.0,1,Canada,Entertainment,0.0,0.0,0.0
Green Gold TV - Official Channel,20000000,9715291883.0,1476,India,Entertainment,0.0,0.0,0.0
Gusttavo Lima Oficial,19900000,13917423958.0,416,Brazil,Music,644400.0,5472200.0,10300000.0
HaerteTest,19800000,3234880084.0,1411,Germany,Tech,17000.0,144100.0,271200.0
Crafty Panda,19800000,5759442450.0,760,United States,Entertainment,18400.0,156500.0,294600.0
SOMOY TV,19800000,12293479945.0,9930,United States,News,49.0,414.0,779.0
JennaMarbles,19700000,1803249241.0,250,United States,Comedy,11300.0,96100.0,180900.0
Troom Troom Es,19700000,7452667615.0,2912,Unknown,Howto,88200.0,744100.0,1400000.0
Official Pink Panther,19700000,10955619815.0,1,United States,Games,0.0,0.0,0.0
Britain's Got Talent,19700000,11323617496.0,4225,United Kingdom,Entertainment,162600.0,1381300.0,2600000.0
SCTV,19700000,9808676159.0,267,United Kingdom,Music,1.0,8.5,16.0
AS Gaming,19600000,2851024430.0,17,United States,Games,0.07,0.535,1.0
Sony AATH,19600000,13930021471.0,18661,United States,Entertainment,822600.0,7011300.0,13200000.0
tabii Urdu,19600000,8779729549.0,1306,Turkey,Entertainment,332400.0,2816200.0,5300000.0
DaFuq!?Boom!,19600000,7906181776.0,214,United States,Entertainment,6900000.0,58750000.0,110600000.0
Clash of Clans,19600000,3961318438.0,674,United States,Games,66900.0,583450.0,1100000.0
RKD Studios,19500000,5234251168.0,847,India,Entertainment,0.0,0.0,0.0
DLS News,19400000,2255542592.0,4750,India,News,96300.0,798150.0,1500000.0
JukiLop,19400000,1577859332.0,85,Mexico,People,7100.0,60700.0,114300.0
etvteluguindia,19400000,23038014291.0,125974,India,Entertainment,818800.0,6959400.0,13100000.0
FIFA,19400000,5529131886.0,10728,Switzerland,Sports,176600.0,1488300.0,2800000.0
Manoj  parihar,19300000,264228052.0,335,India,Howto,111500.0,955750.0,1800000.0
Vsauce,19300000,2897907132.0,462,Unknown,Entertainment,208800.0,1754400.0,3300000.0
Unbox Therapy,19300000,4508184467.0,2175,Unknown,Tech,50200.0,426350.0,802500.0
shane,19200000,4329121104.0,570,United States,Comedy,8200.0,69650.0,131100.0
Sonotek,19200000,7590582024.0,8285,India,Music,86000.0,743000.0,1400000.0
Jimmy Kimmel Live,19100000,13124645973.0,6526,United States,Comedy,51700.0,439650.0,827600.0
TheOdd1sOut,19100000,4566120190.0,139,United States,Comedy,93000.0,796500.0,1500000.0
Goldmines Great Indian Comedy,19100000,5194942269.0,2948,Unknown,Film,197800.0,1698900.0,3200000.0
Lil Nas X,19100000,6339584661.0,37,Unknown,Music,138600.0,1169300.0,2200000.0
ýýýýýýýýýýýýýý ýýýý,19000000,4924054368.0,60,United States,Entertainment,64800.0,532400.0,1000000.0
SUPER SLICK SLIME SAM,19000000,7229175322.0,903,Mexico,Howto,370000.0,3135000.0,5900000.0
Wow Kidz Action,19000000,8281724393.0,1525,India,Entertainment,317100.0,2708550.0,5100000.0
Turma da Mï¿½ï¿½,19000000,13824277846.0,1154,Brazil,Film,230700.0,1965350.0,3700000.0
Calvin Harris,19000000,16014044618.0,79,United Kingdom,Music,307200.0,2603600.0,4900000.0
KBS WORLD TV,19000000,15126092508.0,64496,South Korea,Entertainment,324000.0,2762000.0,5200000.0
HiMan,18900000,2855519150.0,375,Russia,Entertainment,73700.0,636850.0,1200000.0
Masha e o Urso,18900000,8301731337.0,0,Unknown,,0.0,0.0,0.0
Little Angel Espaï¿½ï¿½ï¿½ï¿½ï¿½ï¿½ï¿½ï¿½ï¿½,18900000,9813245108.0,719,Mexico,Education,421200.0,3560600.0,6700000.0
TED-Ed,18800000,3654621568.0,2072,United States,Education,89600.0,744800.0,1400000.0
Sidemen,18800000,5257834105.0,312,United Kingdom,Entertainment,234500.0,2017250.0,3800000.0
Cardi B,18800000,7634430188.0,9,Unknown,,0.02,0.18000000000000002,0.34
Busy Fun Ltd,18800000,7762077012.0,2,Unknown,,0.0,0.0,0.0
Farruko,18800000,9573641299.0,217,United States,Music,293300.0,2496650.0,4700000.0
ýýýýýýýýýýýýýýýýýýýýýý,18800000,9594188708.0,530,Ukraine,Entertainment,204000.0,1752000.0,3300000.0
Triggered Insaan,18800000,3276891538.0,304,India,People,327100.0,2763550.0,5200000.0
CKN,18700000,12295637162.0,16,Spain,Music,0.31,2.655,5.0
Ali-A,18700000,6148303268.0,2,Unknown,People,0.0,0.025,0.05
Shemaroo Comedy,18600000,6047584292.0,4487,India,Comedy,307300.0,2603650.0,4900000.0
Smile Family Spanish,18600000,7008250496.0,457,United States,Entertainment,130200.0,1115100.0,2100000.0
GRAMMY GOLD OFFICIAL,18600000,20196704276.0,6287,Thailand,Music,505800.0,4302900.0,8100000.0
ýýýýýýýý ýýýýýýýýýý ýýýýýýýýýý | Arab Games Network,18600000,8761255550.0,6289,Saudi Arabia,Games,129000.0,1114500.0,2100000.0
Dan-Sa / Daniel Saboya,18500000,2908120896.0,1329,Brazil,Music,0.0,0.0,0.0
Marmok,18500000,3457618361.0,374,Russia,Games,114800.0,957400.0,1800000.0
The ACE Family,18500000,4558380251.0,712,Unknown,People,8500.0,72300.0,136100.0
Like Nastya Vlog,18500000,8147575884.0,493,Russia,People,146800.0,1223400.0,2300000.0
Willie Salim,18500000,4051072188.0,679,Indonesia,People,592100.0,5046050.0,9500000.0
PDK Films,18400000,4120324310.0,111,United States,Entertainment,43300.0,367950.0,692600.0
TheWillyrex,18400000,7038827526.0,6943,Spain,Games,33000.0,280600.0,528200.0
RsiamMusic : ï¿½ï¿½ï¿½ï¿½ï¿½ï¿½ï¿½ï¿½,18400000,11544297793.0,3159,Thailand,Music,162400.0,1381200.0,2600000.0
Dhar Mann,18400000,11280732382.0,0,Unknown,,0.0,0.0,0.0
shakiraVEVO,18400000,25367126292.0,197,United States,Music,801400.0,6800700.0,12800000.0
Naisa Alifia Yuriza (N.A.Y),18300000,1606834186.0,786,Indonesia,Entertainment,51200.0,435100.0,819000.0
Miley Cyrus,18300000,7760819588.0,142,United States,Entertainment,383900.0,3241950.0,6100000.0
IShowSpeed,18300000,1556003039.0,1324,United States,Games,420800.0,3560400.0,6700000.0
Good Mythical Morning,18300000,8798044678.0,0,Unknown,,0.0,0.0,0.0
Bobby chourasiya,18200000,9937823152.0,442,Unknown,People,1400000.0,11950000.0,22500000.0
INCRï¿½ï¿,18200000,3213324455.0,6903,Brazil,Howto,54100.0,460150.0,866200.0
Jake Fellman,18100000,13378360425.0,420,United States,Entertainment,1500000.0,12700000.0,23900000.0
GEN HALILINTAR,18100000,3306242674.0,1037,Indonesia,Entertainment,81900.0,690950.0,1300000.0
SQUEEZIE,18100000,9983065083.0,1521,France,Entertainment,144300.0,1222150.0,2300000.0
Blippi - Educational Videos for Kids,18100000,14857290259.0,707,United States,Education,541200.0,4620600.0,8700000.0
officialpsy,18100000,10703830496.0,131,South Korea,Music,195000.0,1647500.0,3100000.0
Ajay Sharma,18100000,12249828886.0,0,Unknown,,0.0,0.0,0.0
Manual do Mundo,18000000,3980991248.0,2470,Brazil,Tech,164300.0,1382150.0,2600000.0
How Ridiculous,18000000,9601137077.0,650,Australia,Sports,1200000.0,10000000.0,18800000.0
And TV,18000000,15412333005.0,45,United States,Entertainment,0.01,0.1,0.19
Sebastiï¿½ï¿½ï¿½,18000000,10463166404.0,237,United States,Music,332300.0,2816150.0,5300000.0
SonyMusicSouthVEVO,18000000,17921124985.0,5692,United States,Music,772800.0,6586400.0,12400000.0
TheGrefg,18000000,6404852037.0,3566,Spain,Games,131500.0,1115750.0,2100000.0
BeatboxJCOP,18000000,8716982055.0,748,Unknown,Entertainment,4100000.0,35050000.0,66000000.0
David Dobrik,17900000,7176572299.0,536,United States,People,26000.0,220600.0,415200.0
KatieAngel,17900000,3841205465.0,982,United States,Music,155100.0,1327550.0,2500000.0
RobleisIUTU,17900000,5168721499.0,1344,Argentina,Games,82600.0,691300.0,1300000.0
Lele Pons,17900000,5244917119.0,185,United States,Entertainment,55600.0,472950.0,890300.0
Demi Lovato,17900000,6888074944.0,314,United States,Music,87500.0,743750.0,1400000.0
Like Nastya VNM,17900000,9867515979.0,602,Vietnam,Entertainment,253400.0,2176700.0,4100000.0
Jason Derulo,17900000,9887116267.0,830,United States,Music,1300000.0,11400000.0,21500000.0
MGC Playhouse,17900000,16174530046.0,1426,United States,Education,307900.0,2603950.0,4900000.0
Zuni and Family,17900000,6746269458.0,2,Unknown,People,0.01,0.1,0.19
Priyal Kukreja,17800000,11057945183.0,772,India,People,1300000.0,11000000.0,20700000.0
MSA previously My Story Animated,17800000,8588704539.0,26,United States,People,62.0,528.0,994.0
ýýýýýýýýý KIMPRO,17700000,19206701832.0,1646,South Korea,People,10200000.0,86800000.0,163400000.0
Jane ASMR ï¿½ï¿½,17700000,7387621644.0,1888,South Korea,People,0.0,0.0,0.0
ArianaGrandeVevo,17700000,20115544708.0,178,United States,Music,292300.0,2496150.0,4700000.0
jaanvi patel,17700000,7912733203.0,512,India,People,1000000.0,8800000.0,16600000.0
tanboy kun,17700000,3647267655.0,739,Indonesia,Entertainment,144500.0,1222250.0,2300000.0
Lil Pump,17700000,4196061192.0,60,Unknown,Music,0.0,0.0,0.0
Porta dos Fundos,17700000,7739048000.0,2240,Brazil,Entertainment,106000.0,903000.0,1700000.0
News 24,17700000,8396875537.0,211620,Ukraine,News,1100000.0,9450000.0,17800000.0
Les' Copaque Production,17700000,9059696049.0,1716,Malaysia,Entertainment,353200.0,3026600.0,5700000.0
El Payaso Plim Plim,17700000,17247584185.0,1316,Argentina,Music,1900000.0,16300000.0,30700000.0
zbing z.,17600000,9269174070.0,3151,Thailand,Games,165400.0,1382700.0,2600000.0
MissaSinfonia,17600000,2274007523.0,233,Mexico,Comedy,82300.0,691150.0,1300000.0
ýýýýýýýýý Liziqi,17600000,2977741577.0,128,China,Howto,67100.0,583550.0,1100000.0
The Game Theorists,17600000,3752347262.0,0,Australia,,0.0,0.0,0.0
DeGoBooM,17600000,6306204566.0,4702,Chile,Games,300600.0,2550300.0,4800000.0
JFlaMusic,17600000,3802280098.0,326,South Korea,Music,33300.0,283000.0,532700.0
FactTechz,17500000,2238134438.0,709,India,Entertainment,63200.0,531600.0,1000000.0
News18 India,17500000,7263619576.0,182742,India,News,1200000.0,10050000.0,18900000.0
Fun For Kids TV - Hindi Rhymes,17500000,7612385622.0,149,India,Entertainment,329500.0,2814750.0,5300000.0
IGN,17500000,16107116549.0,156215,United States,Games,295000.0,2497500.0,4700000.0
Aphmau,17400000,17763586483.0,4411,United States,Games,1300000.0,11200000.0,21100000.0
AMARINTV : ï¿½ï¿½ï¿½ï¿½ï¿½ï¿½ï¿½ï¿½ï¿½ï¿½ï¿½ï¿½,17400000,13043561912.0,118448,Thailand,News,708000.0,6004000.0,11300000.0
ýýýýýýýýýýýýýýýý - Al-Remas,17400000,11144195464.0,2133,Iraq,Music,339000.0,2869500.0,5400000.0
Koray Zeynep,17400000,16560557488.0,2078,Unknown,People,1300000.0,10900000.0,20500000.0
Apple,17300000,1026425106.0,180,United States,Tech,139500.0,1169750.0,2200000.0
Stubborn Facts,17300000,902225615.0,287,India,Entertainment,2500.0,21350.0,40200.0
Taarak Mehta Ka Ooltah Chashmah,17300000,11371738047.0,4778,India,Entertainment,995800.0,8447900.0,15900000.0
HowToBasic,17300000,3684816159.0,582,Australia,Howto,46600.0,395900.0,745200.0
PopularMMOs,17200000,14573155899.0,4685,Unknown,Games,45900.0,390050.0,734200.0
Marques Brownlee,17200000,3606912471.0,1567,United States,Tech,157000.0,1328500.0,2500000.0
Anitta,17200000,7337212581.0,138,Brazil,Music,218100.0,1859050.0,3500000.0
Jason Vlogs,17200000,8903647480.0,83,Australia,People,0.08,0.54,1.0
El Reino a Jugar,17200000,11445492404.0,1007,Argentina,Education,251100.0,2125550.0,4000000.0
Willyrex,17200000,5024088947.0,7550,Spain,Games,46200.0,392850.0,739500.0
TheBrianMaps,17100000,4448334716.0,498,Russia,Entertainment,111500.0,955750.0,1800000.0
TRANS TV Official,17100000,9710962528.0,148225,Indonesia,Entertainment,137400.0,1168700.0,2200000.0
Liza Koshy,17100000,2173106162.0,142,United States,Entertainment,5300.0,44900.0,84500.0
Queen Official,17000000,10847948832.0,1015,United Kingdom,Music,281300.0,2390650.0,4500000.0
Prajapati News,17000000,1001465469.0,1407,India,Entertainment,22900.0,194500.0,366100.0
Gaby and Alex,17000000,8229883114.0,1,Unknown,People,0.0,0.0,0.0
LuisFonsiVEVO,17000000,14543594822.0,97,United States,Music,149500.0,1274750.0,2400000.0
Pop Chartbusters,16900000,8684010451.0,2235,India,Music,218700.0,1859350.0,3500000.0
Guava Juice,16900000,9111000228.0,1910,United States,Entertainment,32700.0,277650.0,522600.0
EeOneGuy,16900000,3827906874.0,366,United States,Entertainment,4900.0,41700.0,78500.0
VICE,16900000,4609753237.0,3900,United States,Entertainment,109100.0,904550.0,1700000.0
Aayu and Pihu Show,16900000,9270331567.0,441,India,People,269300.0,2284650.0,4300000.0
Danny Fitt,16900000,9544277833.0,2337,United States,Entertainment,825800.0,7012900.0,13200000.0
Bispo Bruno Leonardo,16900000,3523578665.0,4891,Brazil,Nonprofit,448600.0,3824300.0,7200000.0
DeToxoMoroxo,16800000,2315962318.0,1,Unknown,Music,0.0,0.0,0.0
Doggy Doggy Cartoons,16800000,6518418501.0,0,Unknown,,0.0,0.0,0.0
deepesh zo,16800000,7206462713.0,41,Unknown,People,0.0,0.025,0.05
Like Nastya IDN,16800000,7195314800.0,502,Indonesia,Entertainment,128500.0,1114250.0,2100000.0
Gato Galactico | GALï¿½ï¿,16800000,3693798804.0,1491,Brazil,Entertainment,132400.0,1116200.0,2100000.0
Salman Noman,16700000,10393037902.0,3,Unknown,,0.02,0.18000000000000002,0.34
CoryxKenshin,16700000,7102965621.0,1693,United States,Games,315300.0,2657650.0,5000000.0
With Kids[ï¿½ï¿½ï¿½ï¿½ï,16700000,8826138204.0,920,United States,Entertainment,137100.0,1168550.0,2200000.0
Travis Scott,16700000,7979736581.0,13,United States,Music,113.0,956.5,1800.0
Tu COSMOPOLIS,16700000,5089284369.0,8741,Mexico,People,48400.0,411550.0,774700.0
Ivana Alawi,16600000,1318442641.0,180,Philippines,People,45200.0,384500.0,723800.0
Werever2morro,16600000,2798273962.0,0,Mexico,Games,0.0,0.0,0.0
IDEAS EN 5 MINUTOS,16600000,3696973456.0,216,Spain,,196.0,1648.0,3100.0
NMF News,16600000,7435180827.0,112261,India,News,177600.0,1488800.0,2800000.0
SriBalajiMovies,16600000,9439857193.0,20102,India,Entertainment,462100.0,3931050.0,7400000.0
Lahari Music - TSeries,16600000,11946217860.0,8976,India,Music,267000.0,2283500.0,4300000.0
Younes Zarou,16600000,15278668857.0,2200,Germany,Entertainment,1900000.0,15750000.0,29600000.0
Jordan Matter,16600000,5819508534.0,413,United States,Entertainment,597100.0,5098550.0,9600000.0
ýýýýýýýý ýýýýýýýýýýýýýýýýýýýýýý,16500000,2440934034.0,421,United States,Entertainment,65900.0,582950.0,1100000.0
FailArmy,16500000,3037260680.0,438,United States,Entertainment,339000.0,2869500.0,5400000.0
BBC News Hindi,16500000,7043235131.0,21243,India,News,393600.0,3346800.0,6300000.0
FunFun Toy Doll TV,16500000,7406207930.0,735,United States,Entertainment,73100.0,636550.0,1200000.0
Sandra Cires Art,16400000,3955426159.0,1091,United States,Entertainment,54100.0,459700.0,865300.0
Kaykai Salaider,16400000,4434679706.0,428,Thailand,Entertainment,28000.0,238200.0,448400.0
UFC - Ultimate Fighting Championship,16400000,7135820721.0,14662,United States,Sports,399600.0,3399800.0,6400000.0
Ch7HD,16400000,9463244435.0,56203,Thailand,Entertainment,263300.0,2231650.0,4200000.0
RCTI - LAYAR DRAMA INDONESIA,16400000,13478392540.0,1,Unknown,People,0.0,0.0,0.0
Alfredo Larin,16400000,14431830557.0,1,Unknown,Entertainment,0.0,0.025,0.05
GMMTV OFFICIALï¿½ï¿½,16400000,12844432341.0,23952,Thailand,Entertainment,544100.0,4622050.0,8700000.0
Matt Stonie,16300000,3527627264.0,54,United States,Entertainment,89.0,744.5,1400.0
Boyce Avenue,16300000,6578828147.0,490,United States,Music,86400.0,743200.0,1400000.0
Camila Cabello,16300000,6613422635.0,80,United States,Music,128100.0,1064050.0,2000000.0
Little Mix,16300000,7520242626.0,278,United Kingdom,Music,115800.0,1007900.0,1900000.0
SAM SMITH,16300000,10170264839.0,230,United Kingdom,Entertainment,257300.0,2178650.0,4100000.0
Pitbull,16300000,12475714382.0,352,United States,Music,264000.0,2232000.0,4200000.0
Bollywood Classics,16300000,7141825267.0,1444,India,Music,454400.0,3877200.0,7300000.0
Technoblade,16300000,1656452554.0,989,United States,Games,53800.0,457550.0,861300.0
W2S,16300000,4768370464.0,652,United Kingdom,Entertainment,9200.0,78500.0,147800.0
Jennifer Lopez,16200000,10227242833.0,258,United States,Music,190300.0,1595150.0,3000000.0
Kids Play,16200000,8091706232.0,593,United States,Entertainment,77700.0,638850.0,1200000.0
T3ddy,16200000,2990185467.0,1930,Brazil,People,99000.0,849500.0,1600000.0
JJ Olatunji,16200000,4076692623.0,1294,United Kingdom,Entertainment,83400.0,691700.0,1300000.0
POPS Kids,16200000,9763592867.0,3943,Vietnam,Film,770200.0,6535100.0,12300000.0
Thairath Online,16200000,14563841315.0,244899,Thailand,News,674300.0,5737150.0,10800000.0
LEGO,16200000,20522339099.0,31889,Singapore,Entertainment,351600.0,2975800.0,5600000.0
XO TEAM,16200000,14784781923.0,189,United States,People,114.0,957.0,1800.0
AdMe,16200000,4488680903.0,10,Spain,Music,0.01,0.1,0.19
ExtraPolinesios,16200000,4813127504.0,2,Unknown,People,2.0,13.0,24.0
Dyland PROS,16100000,1517638132.0,2805,Indonesia,Games,28900.0,245300.0,461700.0
Live,16100000,0.0,0,Unknown,,0.0,0.0,0.0
Vlad and Niki ARA,16100000,7399296005.0,510,United States,Entertainment,96000.0,798000.0,1500000.0
Canal IN,16100000,2687443643.0,723,Brazil,Entertainment,41400.0,351950.0,662500.0
TWICE,16100000,5055576881.0,1123,Unknown,Music,296200.0,2498100.0,4700000.0
Daily Dose Of Internet,16100000,6872702790.0,671,United States,Entertainment,1200000.0,10200000.0,19200000.0
FitDance,16100000,7126210721.0,41,France,Entertainment,2.0,19.5,37.0
Panda Shorts,16100000,7155736006.0,667,Sweden,Sports,1400000.0,12200000.0,23000000.0
Disney Junior,16100000,15812009296.0,4045,United States,Entertainment,801400.0,6800700.0,12800000.0
La Rosa de Guadalupe,16100000,9642146451.0,0,Mexico,Games,0.0,0.0,0.0
sagar kalra (Shorts),16000000,6543629679.0,453,Unknown,People,222200.0,1911100.0,3600000.0
wifistudy,16000000,3018032423.0,52144,India,Education,42900.0,364350.0,685800.0
Antrax,16000000,3029872908.0,687,Mexico,Games,14100.0,119800.0,225500.0
Enes Batur,16000000,9786595271.0,0,Unknown,Games,0.0,0.0,0.0
Totoy kids - Espaï¿½ï,16000000,5997599089.0,344,Mexico,Film,337200.0,2868600.0,5400000.0
ýýýýýýýýýý,15900000,1845329502.0,0,Russia,Games,0.0,0.0,0.0
DopeLyrics,15900000,9962188084.0,2035,United States,Music,29700.0,252800.0,475900.0
jeffreestar,15900000,2609358468.0,433,United States,Howto,6000.0,51150.0,96300.0
Lyna,15900000,6534326412.0,4906,Argentina,Games,192300.0,1646150.0,3100000.0
MK MUSIC,15900000,9198986881.0,5105,Brazil,Music,409200.0,3454600.0,6500000.0
Unspeakable,15900000,9052367553.0,796,United States,People,494700.0,4197350.0,7900000.0
Camilo,15900000,6802382479.0,132,Colombia,Music,179700.0,1539850.0,2900000.0
Dear Sir,15800000,1349288771.0,633,India,Education,72200.0,636100.0,1200000.0
Narendra Modi,15800000,3392918989.0,20679,India,News,557900.0,4728950.0,8900000.0
Arif muhammad,15800000,4122634467.0,542,Indonesia,Comedy,215600.0,1807800.0,3400000.0
Rotten Tomatoes Trailers,15800000,13116313599.0,10441,United States,Film,77200.0,638600.0,1200000.0
Volga Video,15700000,9787697838.0,16874,India,Entertainment,153900.0,1326950.0,2500000.0
DM - Desi Melodies,15700000,5914071870.0,79,India,Music,425500.0,3612750.0,6800000.0
MY FAMILY,15700000,6153495609.0,150,Singapore,People,2800.0,23950.0,45100.0
Team Films Bhojpuri,15700000,6626563508.0,19703,India,Music,92200.0,796100.0,1500000.0
Zee Music Classic,15700000,5558051295.0,1640,India,Music,259300.0,2179650.0,4100000.0
Prime Video India,15700000,8696631898.0,7090,United States,Entertainment,1000000.0,8550000.0,16100000.0
Caeli YT,15600000,1511794214.0,483,Mexico,Entertainment,0.0,0.0,0.0
Kuplinov ï¿½ï¿½ï¿,15600000,6862529416.0,6623,Unknown,Games,296000.0,2498000.0,4700000.0
Linus Tech Tips,15600000,7172386509.0,6542,Canada,Tech,264700.0,2232350.0,4200000.0
Juliana Baltar,15600000,3869457097.0,2019,Brazil,Entertainment,168700.0,1434350.0,2700000.0
5-Minute Crafts FAMILY,15600000,6165757696.0,4245,United States,Howto,82100.0,691050.0,1300000.0
Blippi Espaï¿½ï,15500000,8984089026.0,598,Mexico,Education,270000.0,2285000.0,4300000.0
Super Senya,15500000,5070970714.0,0,Unknown,,0.0,0.0,0.0
Katakit Baby TV,15500000,6386271870.0,220,Saudi Arabia,Music,272700.0,2336350.0,4400000.0
Infobells Bangla,15500000,7776706184.0,359,India,Education,503700.0,4301850.0,8100000.0
ýýýýýýýý ýý ýýýýýýýý,15500000,8265129639.0,1021,Saudi Arabia,Film,405100.0,3452550.0,6500000.0
Henrique e Juliano,15500000,14619523361.0,325,Brazil,Music,491000.0,4195500.0,7900000.0
Mr DegrEE,15500000,12880388253.0,0,United States,Entertainment,0.0,0.0,0.0
Kashvi Adlakha,15500000,12714141740.0,1525,India,Entertainment,417400.0,3558700.0,6700000.0
Talking Tom & Friends,15500000,6396049701.0,417,United States,Film,82100.0,691050.0,1300000.0
ýýýýýýýý ýýýýýýýýýýýýýý ýýýý 5 ýýýýýýýýýý,15500000,4499826716.0,5183,Egypt,Howto,98700.0,849350.0,1600000.0
Harsh Beniwal,15400000,1781226000.0,165,India,Comedy,83900.0,691950.0,1300000.0
FFUNTV,15400000,11513738907.0,379,United Arab Emirates,Entertainment,240500.0,2020250.0,3800000.0
Mobile Legends: Bang Bang,15400000,1543608082.0,1647,United States,Games,166100.0,1433050.0,2700000.0
Roman Atwood Vlogs,15400000,5469103954.0,1756,United States,People,4700.0,40350.0,76000.0
Mrwhosetheboss,15400000,3736069980.0,1577,United Kingdom,Tech,503100.0,4251550.0,8000000.0
Genierock,15400000,14564170905.0,1725,Thailand,Music,248400.0,2124200.0,4000000.0
zayn,15400000,4909687948.0,21,United States,Music,110400.0,955200.0,1800000.0
Kerajinan 5-Menit,15400000,4750420071.0,4186,Indonesia,Howto,59200.0,503350.0,947500.0
FC Barcelona,15300000,2656528205.0,10988,Spain,Sports,254600.0,2177300.0,4100000.0
Dave and Ava - Nursery Rhymes and Baby Songs,15300000,10714145606.0,851,United States,Education,231200.0,1965600.0,3700000.0
LOKESH GAMER,15300000,1640078055.0,1397,India,Games,17800.0,151000.0,284200.0
ILYA BORZOV,15300000,9938811455.0,2175,Russia,People,1400000.0,12100000.0,22800000.0
Mazhavil Manorama,15300000,16545966132.0,87864,India,Entertainment,1100000.0,9250000.0,17400000.0
Pokï¿½ï¿½ï¿½ï¿½ï¿½ï¿½ï¿½ï¿½ï¿½,15200000,857725714.0,194,India,Film,196100.0,1648050.0,3100000.0
The MriDul,15200000,4503880875.0,106,India,Comedy,295000.0,2497500.0,4700000.0
Niana Guerrero,15200000,1491452935.0,443,Philippines,Entertainment,29900.0,254450.0,479000.0
SRK MUSIC,15200000,6391679636.0,5056,India,Music,173400.0,1486700.0,2800000.0
Sony LIV,15200000,7151683497.0,11099,India,Entertainment,632700.0,5366350.0,10100000.0
T-Series Hamaar Bhojpuri,15200000,7564652648.0,9862,India,Music,317900.0,2708950.0,5100000.0
Oyuncak Avï¿,15200000,8333387785.0,654,Turkey,Entertainment,13300.0,112900.0,212500.0
CNN,15200000,14198154095.0,160405,United States,News,561000.0,4780500.0,9000000.0
NDTV India,15200000,6624168155.0,91704,India,News,149000.0,1274500.0,2400000.0
It's Mamix,15100000,1777072487.0,210,United States,People,48000.0,407600.0,767200.0
Kim Loaiza,15100000,1576633086.0,18,Unknown,Music,78200.0,689100.0,1300000.0
Daftar Populer,15100000,2143140898.0,3810,Indonesia,Entertainment,51700.0,439400.0,827100.0
Musas,15100000,2400037562.0,159,Andorra,People,0.26,2.13,4.0
Ranz Kyle,15100000,1760131384.0,533,Philippines,Entertainment,37100.0,315550.0,594000.0
PowerfulJRE,15100000,3060202847.0,1037,United States,People,130200.0,1115100.0,2100000.0
Mariale,15100000,2761547758.0,2618,United States,Entertainment,35900.0,304900.0,573900.0
Makiman131,15100000,4236036141.0,2997,Spain,Entertainment,17900.0,152250.0,286600.0
Hongyu ASMR ï¿½ï¿½,15100000,4967784343.0,1,Unknown,People,0.0,0.0,0.0
Mohamed Ramadan I ï¿½ï¿½ï¿½ï¿½ï¿½ï¿½ï,15100000,5324913850.0,753,Egypt,Entertainment,138200.0,1169100.0,2200000.0
EdisonPts,15100000,6668507856.0,3733,Russia,Games,286800.0,2443400.0,4600000.0
BIGBANG,15100000,7857371770.0,776,South Korea,Music,122400.0,1061200.0,2000000.0
Rubï¿½ï¿½ï¿½ï¿½ï¿½ï¿½,15100000,9477021288.0,921,Argentina,Comedy,1500000.0,13050000.0,24600000.0
ABS-CBN News,15100000,10489367372.0,209520,Philippines,News,544900.0,4622450.0,8700000.0
Chapitosiki,15100000,13897932103.0,2717,Russia,Entertainment,2100000.0,18150000.0,34200000.0
AdeleVEVO,15100000,12413869881.0,52,United Kingdom,Music,254300.0,2177150.0,4100000.0
MoreAliA,15000000,4352427049.0,2324,United Kingdom,Games,753000.0,6376500.0,12000000.0
Chetan Monga Vlogs,15000000,9924103188.0,899,India,People,340700.0,2920350.0,5500000.0
Little Angel - Mï¿½ï¿½ï¿½ï¿½ï¿½ï¿½ï¿½ï¿½ï¿½ï¿½,15000000,8897705695.0,795,Brazil,Education,436400.0,3718200.0,7000000.0
League of Legends,15000000,7159750970.0,1362,United States,Games,129400.0,1114700.0,2100000.0
TheRichest,15000000,2730879024.0,0,United States,Games,0.0,0.0,0.0
XpressTV,15000000,4008801873.0,724,Mexico,Entertainment,101600.0,850800.0,1600000.0
PlayStation,15000000,4741434420.0,20292,United States,Games,125400.0,1062700.0,2000000.0
Kwebbelkop,15000000,6889304306.0,5198,United States,Film,89200.0,744600.0,1400000.0
Republic Bharat,15000000,7536093065.0,206,India,News,3.0,25.5,48.0
THE BROWN SIBLINGS,15000000,8658553456.0,965,India,Entertainment,307100.0,2603550.0,4900000.0
Sony Music South,15000000,9978734160.0,2726,India,Music,726600.0,6163300.0,11600000.0
BigSchool,15000000,9996133066.0,68,Unknown,Film,0.0,0.0,0.0
Ray William Johnson,15000000,10239836582.0,1803,United States,Comedy,938600.0,7969300.0,15000000.0
KOMPASTV,15000000,11827310821.0,269050,Indonesia,News,339200.0,2869600.0,5400000.0
ISSEI / ï¿½ï¿½ï¿½ï¿½,15000000,13562853889.0,1788,Japan,Comedy,847100.0,7223550.0,13600000.0
Zï¿½ï¿½ï¿½ï¿½ï¿½ï¿½ï,15000000,11506702632.0,340,Brazil,Music,548600.0,4674300.0,8800000.0
A2 Motivation by Arvind Arora,15000000,8932038210.0,3168,India,Entertainment,392200.0,3346100.0,6300000.0
50 Cent,14900000,10069000444.0,419,United States,Music,359400.0,3079700.0,5800000.0
MNCTV OFFICIAL,14900000,8074260978.0,66362,Indonesia,Entertainment,130700.0,1115350.0,2100000.0
ERB,14900000,4033400167.0,86,United States,Entertainment,33100.0,281600.0,530100.0
melanie martinez,14900000,4395184343.0,127,United States,Music,169100.0,1434550.0,2700000.0
iTownGamePlay *Terror&Diversiï¿½ï,14900000,4977284539.0,8420,Spain,Games,41600.0,353400.0,665200.0
ýýýýýýýýýýýý8 : Thai Ch8,14900000,5549770244.0,27944,Thailand,Entertainment,148700.0,1274350.0,2400000.0
ZutiGang,14900000,15913320995.0,1363,Unknown,People,1000000.0,8800000.0,16600000.0
ýýýýýý,14900000,439098.0,1,Russia,News,23.0,196.0,369.0
TazerCraft,14900000,5956193599.0,4175,Brazil,Games,119300.0,1009650.0,1900000.0
Bayashi TV,14900000,8615618825.0,93,Japan,Autos,7.0,63.0,119.0
Fueled By Ramen,14800000,13356517783.0,1210,United States,Entertainment,183600.0,1541800.0,2900000.0
CrashCourse,14800000,1833519700.0,1481,United States,Education,21500.0,183000.0,344500.0
MattyBRaps,14800000,3587576784.0,195,United States,Music,68900.0,584450.0,1100000.0
Lachlan,14800000,5269059435.0,3834,Australia,Games,63200.0,531600.0,1000000.0
ýýýýýýýý ýýýýýýýý,14800000,7018015062.0,2387,Ukraine,Howto,141400.0,1220700.0,2300000.0
Meghan Trainor,14800000,8649303688.0,233,United States,Music,154900.0,1327450.0,2500000.0
Jorge & Mateus Oficial,14800000,9076642765.0,318,Brazil,Music,264400.0,2232200.0,4200000.0
Major Lazer Official,14800000,9383431376.0,0,Unknown,,0.0,0.0,0.0
Beast Philanthropy,14800000,272678287.0,34,Germany,Games,114.0,957.0,1800.0
Filaretiki,14800000,15788208522.0,2222,United States,People,3600000.0,30700000.0,57800000.0
5-Minute Crafts Recycle,14800000,8866012877.0,3867,United States,Howto,159500.0,1379750.0,2600000.0
ýýýýýýýýýý ýýýýýýýýýýýý,14700000,2230986039.0,1385,Saudi Arabia,Entertainment,8100.0,68700.0,129300.0
Maha Fun Tv,14700000,1321380490.0,85,United States,Entertainment,14300.0,121900.0,229500.0
Canal Nostalgia,14700000,1506796393.0,554,Spain,Entertainment,679.0,5789.5,10900.0
The Slow Mo Guys,14700000,2465473772.0,317,United States,Education,56900.0,483950.0,911000.0
StudyIQ IAS,14700000,4029253667.0,43564,India,Education,223400.0,1911700.0,3600000.0
Chad Wild Clay,14700000,6751985988.0,698,United States,Entertainment,109000.0,904500.0,1700000.0
CollegeHumor,14700000,7255848125.0,4340,United States,Comedy,0.0,0.0,0.0
Netflix Jr.,14700000,8882319696.0,1996,United States,Education,238200.0,2019100.0,3800000.0
Colors Rishtey,14700000,12362331529.0,23490,India,Entertainment,1000000.0,8850000.0,16700000.0
ABC News,14700000,12961669452.0,80830,United States,News,557100.0,4728550.0,8900000.0
Camila Loures,14700000,4684983333.0,3978,Brazil,Entertainment,122900.0,1061450.0,2000000.0
Doc Tops,14600000,2613197447.0,490,Ecuador,Entertainment,49200.0,418400.0,787600.0
Auron,14600000,3337074920.0,961,Spain,Games,181700.0,1540850.0,2900000.0
Jesser,14600000,3603556207.0,1244,United States,Entertainment,277800.0,2338900.0,4400000.0
Planeta das Gï¿½ï¿½,14600000,4622581344.0,951,Brazil,Entertainment,31600.0,268950.0,506300.0
PrestonPlayz,14600000,5766647017.0,4009,United States,Entertainment,455100.0,3877550.0,7300000.0
Martin Garrix,14600000,6017932195.0,365,United States,Music,106600.0,903300.0,1700000.0
O Reino Infantil,14600000,11182302317.0,1206,Brazil,Music,329600.0,2814800.0,5300000.0
Fifth Harmony,14600000,7952268926.0,67,United States,Music,112900.0,956450.0,1800000.0
Mis Pastelitos,14600000,2750902766.0,603,Mexico,Music,152000.0,1276000.0,2400000.0
Noman Official,14600000,5525773746.0,560,India,Film,417300.0,3558650.0,6700000.0
LEGENDA FUNK,14500000,2440718089.0,0,Brazil,Music,0.0,0.0,0.0
Like Nastya Stories,14500000,6944967581.0,479,United States,Entertainment,89800.0,744900.0,1400000.0
les boys tv2,14500000,4577292740.0,453,United States,Film,1300.0,11450.0,21600.0
Lotus Music,14500000,1739129375.0,514,India,Tech,69100.0,584550.0,1100000.0
IDEIAS INCRï¿½ï¿½,14500000,3551889957.0,5430,Brazil,Howto,8500.0,72350.0,136200.0
Reaction Time,14500000,4260187928.0,1717,United States,Entertainment,29700.0,252700.0,475700.0
BBC News,14500000,4598387043.0,18972,United Kingdom,News,198800.0,1699400.0,3200000.0
Eli Kids - Cartoons & Songs,14500000,4821183481.0,605,United States,Music,447700.0,3823850.0,7200000.0
Boram Tube ToysReview [ï¿½ï¿½ï¿½ï¿½ï¿½ï¿½ï¿½ï¿½ï¿,14500000,5014888374.0,618,South Korea,People,14900.0,126500.0,238100.0
Aadishakti Films,14500000,6290721701.0,4790,India,Music,145300.0,1222650.0,2300000.0
Telemundo,14500000,8582696157.0,19201,United States,Entertainment,144900.0,1222450.0,2300000.0
GMM25Thailand,14500000,9383692066.0,68606,Thailand,Entertainment,136900.0,1168450.0,2200000.0
TV9 Bharatvarsh,14500000,10303519926.0,293516,India,News,1300000.0,10700000.0,20100000.0
Maroon5VEVO,14500000,20042571499.0,147,United States,Music,294600.0,2497300.0,4700000.0
Saad Lamjarred | ï¿½ï¿½ï¿½ï¿½ï¿½ï¿,14500000,4315486422.0,176,Morocco,Music,112700.0,956350.0,1800000.0
Hear This Music,14500000,9201428420.0,39,Unknown,Music,144600.0,1222300.0,2300000.0
Lilly Singh,14500000,3517662420.0,1064,Canada,Comedy,16000.0,135900.0,255800.0
ýýýýýýýýýýýýýýýýýýýýý,14400000,600154268.0,364,South Korea,Entertainment,4100.0,34900.0,65700.0
Gyan Gamingï¿½,14400000,2224121890.0,3086,India,Games,41700.0,354250.0,666800.0
Drawblogs,14400000,1629801448.0,399,Peru,Entertainment,3000.0,25550.0,48100.0
NOBRU,14400000,351763324.0,2,Unknown,People,0.01,0.055,0.1
ýýýýýýýýýýýý ýýýýýýýýýýýý I ýýýýýý ýý ýýýýýýýýýý,14400000,2972474215.0,381,Saudi Arabia,Entertainment,14000.0,119150.0,224300.0
Cyprien,14400000,3086254545.0,222,France,Comedy,34300.0,291150.0,548000.0
Rclbeauty101,14400000,3900312631.0,463,United States,Entertainment,25900.0,220200.0,414500.0
Coke Studio,14400000,4035738731.0,450,United States,Music,10700.0,90700.0,170700.0
Indore Physical Academy,14400000,4156427797.0,1838,India,People,211200.0,1805600.0,3400000.0
Rosanna Pansino,14400000,4597228794.0,1248,United States,Howto,80000.0,690000.0,1300000.0
Harry Styles,14400000,5689224452.0,0,United States,Games,0.0,0.0,0.0
Vlad and Niki PRT,14400000,6543282459.0,516,United States,Entertainment,120300.0,1010150.0,1900000.0
RS 1313 SHORTS,14400000,8011977288.0,5628,India,Entertainment,637900.0,5418950.0,10200000.0
Zig & Sharko,14400000,9023952946.0,978,Unknown,Film,188100.0,1594050.0,3000000.0
SelenaGomezVEVO,14400000,11423792969.0,186,United States,Music,266000.0,2283000.0,4300000.0
ZEE5,14400000,18515587421.0,101401,India,Entertainment,449400.0,3824700.0,7200000.0
Super Polina,14300000,4776507159.0,576,United States,Entertainment,1200.0,10550.0,19900.0
Rebecca Zamolo,14300000,6388439235.0,1,United States,Entertainment,0.0,0.0,0.0
Wish 107.5,14200000,6048517979.0,1823,Philippines,Music,188000.0,1594000.0,3000000.0
Invento na Hora,14200000,4040297006.0,1281,Brazil,Entertainment,57100.0,485250.0,913400.0
SIS vs BRO,14200000,6973932553.0,60,Ukraine,Entertainment,0.32,2.66,5.0
NikkieTutorials,14200000,1778318927.0,876,Netherlands,Entertainment,107800.0,903900.0,1700000.0
TommyInnit,14200000,2084791147.0,342,United Kingdom,Games,162900.0,1381450.0,2600000.0
E-MasterSensei,14200000,3920559552.0,1300,Mexico,Games,133700.0,1116850.0,2100000.0
infobells - Kannada,14200000,6554000320.0,433,India,Education,425100.0,3612550.0,6800000.0
Crazy Frog,14200000,7946322061.0,0,Unknown,Games,0.0,0.0,0.0
The Dodo,14200000,9964116817.0,8,Unknown,,22.0,184.0,346.0
SEVENGERS,14200000,10238593147.0,872,India,Comedy,1100000.0,9400000.0,17700000.0
Zee Bangla,14200000,11428794827.0,132398,India,Entertainment,179800.0,1539900.0,2900000.0
DangMattSmith,14200000,3317805543.0,1724,United States,Entertainment,38700.0,329000.0,619300.0
Neha Kakkar,14100000,2131548711.0,149,India,Music,76800.0,638400.0,1200000.0
#Refugio Mental,14100000,3594936775.0,846,Unknown,Entertainment,20800.0,177000.0,333200.0
ýýýýýýýýýýýýýýýýýýýý ýýýýýýýýýýýýýýýýýýýý,14100000,3920221322.0,65,Unknown,,61.0,519.0,977.0
Trap City,14100000,5129529846.0,3,Australia,People,0.44,3.72,7.0
Supercar Blondie,14100000,5405563355.0,855,United Arab Emirates,Autos,1100000.0,9050000.0,17000000.0
Yudist Ardhana,14100000,6036496916.0,2854,Indonesia,Entertainment,528200.0,4514100.0,8500000.0
Lana Del Rey,14100000,6884215292.0,43,United States,Music,406700.0,3453350.0,6500000.0
MalumaVEVO,14100000,19013942981.0,182,United States,Music,296500.0,2498250.0,4700000.0
F2Freestylers - Ultimate Soccer Skills Channel,14100000,3280481927.0,777,United Kingdom,Sports,30700.0,260650.0,490600.0
Bie The Ska,14100000,4627069704.0,1540,Thailand,Entertainment,37500.0,318800.0,600100.0
AM3NlC,14000000,4959982720.0,5757,Brazil,People,30600.0,260350.0,490100.0
Narins Beauty,14000000,2214167846.0,431,Sweden,Entertainment,41100.0,349550.0,658000.0
TV Ana Emilia,14000000,4674164601.0,651,Mexico,Entertainment,80300.0,690150.0,1300000.0
ýýýýýýýýýýýý,14000000,7719743112.0,2210,Russia,Games,451700.0,3825850.0,7200000.0
Luli Pampï¿½,14000000,8623705301.0,294,Spain,Music,605000.0,5152500.0,9700000.0
Gallina Pintadita,14000000,9660950823.0,62,Mexico,Film,211900.0,1805950.0,3400000.0
ViralHog,14000000,18917687143.0,41117,United States,Animals,4100000.0,34800000.0,65500000.0
ETV Jabardasth,14000000,13542939513.0,9652,India,Comedy,400800.0,3400400.0,6400000.0
Zee Telugu,14000000,12597067132.0,3,India,Music,0.02,0.18000000000000002,0.34
Crescendo com Luluca,14000000,5094050461.0,1307,Brazil,People,204200.0,1752100.0,3300000.0
Jazzghost,13900000,5673347763.0,5494,Brazil,Games,320200.0,2710100.0,5100000.0
karameeshchannel,13900000,9106781518.0,2254,Jordan,Music,262900.0,2231450.0,4200000.0
Darkar Company Studios,13900000,2244318380.0,183,United States,Comedy,13800.0,117250.0,220700.0
Dental Digest,13900000,7450345720.0,324,Unknown,People,694700.0,5897350.0,11100000.0
T-Series Regional,13900000,5217553897.0,15075,India,Music,100500.0,850250.0,1600000.0
ADEL et SAMI,13900000,5465532801.0,503,United States,Entertainment,80600.0,690300.0,1300000.0
Jamuna TV,13900000,12129583055.0,6,Bangladesh,Entertainment,0.0,0.025,0.05
Atlantic Records,13900000,12513842343.0,1660,United States,Music,291900.0,2495950.0,4700000.0
ýýýýýýýý ýý ýýýýýýýýýýýý,13900000,8451754769.0,504,United States,People,342800.0,2921400.0,5500000.0
Veritasium,13900000,2165885634.0,369,United States,Education,132400.0,1116200.0,2100000.0
Alexa Rivera,13900000,3193226072.0,288,Unknown,Entertainment,428300.0,3664150.0,6900000.0
Airrack,13800000,2224911030.0,173,United States,Entertainment,299000.0,2549500.0,4800000.0
Hacksmith Industries,13800000,1820559912.0,887,Canada,Tech,251800.0,2125900.0,4000000.0
JD Pantoja,13800000,1493776391.0,16,Unknown,Music,40600.0,345100.0,649600.0
ýýýýýýýý/Atro,13800000,2480957682.0,1952,Netherlands,Games,165400.0,1382700.0,2600000.0
123 GO! Spanish,13800000,5019136690.0,520,Mexico,Howto,79600.0,689800.0,1300000.0
Geo News,13800000,5727888539.0,190093,Pakistan,News,300200.0,2550100.0,4800000.0
Kids TV India Hindi Nursery Rhymes,13800000,6646953396.0,1505,India,Education,236000.0,2018000.0,3800000.0
Think Music India,13800000,11039343563.0,4978,India,Music,651300.0,5525650.0,10400000.0
O Que Nï¿½ï¿½ï¿½ï¿½ï¿½ï¿,13700000,1967930734.0,696,Brazil,Entertainment,263400.0,2231700.0,4200000.0
Goldmines Premiere,13700000,1973638757.0,975,India,Film,112900.0,956450.0,1800000.0
MAIKI021,13700000,1950178163.0,3298,Brazil,Entertainment,22300.0,189650.0,357000.0
The Vishal bhatt,13700000,9596430464.0,1040,India,Comedy,1100000.0,9650000.0,18200000.0
NishaMadhulika,13700000,2939201386.0,2158,India,Howto,66700.0,583350.0,1100000.0
MyMissAnand,13700000,4963275018.0,340,India,Entertainment,83600.0,691800.0,1300000.0
FAPTV,13700000,5457203710.0,863,Vietnam,Comedy,105400.0,902700.0,1700000.0
Wesley Safadï¿½,13700000,8134379376.0,438,Brazil,Music,192200.0,1646100.0,3100000.0
infobells,13700000,5178142148.0,495,India,Education,71700.0,585850.0,1100000.0
Desi Gamers,13700000,2135195239.0,1,Unknown,Tech,0.02,0.13,0.24
Acenix,13600000,2122062016.0,368,Spain,Games,142300.0,1221150.0,2300000.0
Zeinab Harake,13600000,896891351.0,273,Philippines,People,36300.0,308250.0,580200.0
DALLMYD,13600000,1948925559.0,412,United States,Sports,92000.0,796000.0,1500000.0
Lindsey Stirling,13600000,3764608356.0,199,United States,Music,45800.0,389550.0,733300.0
JOJO TV - Hindi Stories,13600000,5141201173.0,1097,India,Film,32300.0,274500.0,516700.0
BBC,13600000,9685060624.0,16047,United Kingdom,Entertainment,133200.0,1116600.0,2100000.0
Saturday Night Live,13600000,14717282742.0,8335,United States,Comedy,169900.0,1434950.0,2700000.0
BUDI01 GAMING,13500000,1181292450.0,319,Indonesia,Games,40300.0,342600.0,644900.0
Typical Gamer,13500000,4301581610.0,4312,Canada,Games,97700.0,848850.0,1600000.0
Anaysa,13500000,3445794123.0,591,India,Howto,89100.0,744550.0,1400000.0
JULIA GISELLA,13500000,5380132790.0,19,United Kingdom,Music,5.0,41.5,78.0
Awakening Music,13500000,5545936485.0,814,United Kingdom,Music,105900.0,902950.0,1700000.0
Lady Diana,13500000,8265920659.0,1403,Ukraine,People,225500.0,1912750.0,3600000.0
Sanjoy Das Official,13500000,3912334359.0,1793,India,Games,537700.0,4568850.0,8600000.0
Woody & Kleiny,13500000,11717217293.0,975,United Kingdom,Entertainment,1500000.0,12650000.0,23800000.0
Vijay Kumar Viner Vlogs,13500000,7958771872.0,1357,India,Entertainment,329400.0,2814700.0,5300000.0
Conor Maynard,13500000,2750993392.0,321,United States,Music,32400.0,275100.0,517800.0
Wengie,13500000,1900272833.0,462,United States,Howto,4000.0,34050.0,64100.0
Vlad y Niki Show,13400000,4622628957.0,477,United States,Entertainment,276700.0,2338350.0,4400000.0
Codiscos,13400000,11789678655.0,7356,Colombia,Music,686700.0,5843350.0,11000000.0
The World Adventures ï¿½ï¿½ï¿½ï¿½ï¿½ï¿½,13400000,2139769210.0,1028,India,People,3100.0,26600.0,50100.0
Vibhu 96,13400000,20563378.0,256,India,Education,60800.0,516750.0,972700.0
Blockbuster Movies,13400000,2650061211.0,0,India,,0.0,0.0,0.0
ATHLEAN-Xï¿½,13400000,2319515787.0,1349,United States,Howto,43500.0,369700.0,695900.0
My Mate Nate,13400000,3363634923.0,1195,Thailand,Entertainment,125000.0,1062500.0,2000000.0
H2ODelirious,13400000,4356686216.0,3727,United States,Games,50400.0,428050.0,805700.0
GMA Integrated News,13400000,9569814790.0,296272,Philippines,News,346400.0,2923200.0,5500000.0
Peet Montzingo,13400000,10022557589.0,319,United States,People,1200000.0,10150000.0,19100000.0
The Q,13400000,4306212515.0,96,United States,Sports,0.01,0.07500000000000001,0.14
Trakin Tech,13300000,2262690743.0,3640,India,Tech,131000.0,1115500.0,2100000.0
theRadBrad,13300000,6050102764.0,8195,United States,Games,47100.0,400200.0,753300.0
Matt Steffanina,13300000,3299216601.0,331,United States,Entertainment,5800.0,49200.0,92600.0
Stray Kids,13300000,3364230487.0,3,Unknown,Comedy,0.01,0.055,0.1
Kurt Hugo Schneider,13300000,3733856870.0,698,United States,Entertainment,12700.0,107950.0,203200.0
Vogue,13300000,4177184071.0,3166,United States,People,135300.0,1167650.0,2200000.0
ýýýýýýýýýýýýýýýýýý,13300000,6482687220.0,608,Russia,Entertainment,270700.0,2285350.0,4300000.0
Kids Lineï¿½ï¿½ï¿½ï¿½ï¿½ï¿½ï¿½,13300000,9088562002.0,2742,United States,Education,485700.0,4142850.0,7800000.0
VexTrex,13300000,7923901253.0,2411,Ukraine,Entertainment,0.0,0.0,0.0
penguinz0,13300000,7773543609.0,4613,United States,Entertainment,566800.0,4833400.0,9100000.0
Just For Laughs Gags,13300000,7406628736.0,6916,United States,Comedy,52400.0,445450.0,838500.0
Kabita's Kitchen,13300000,2831275503.0,1489,India,Howto,129400.0,1114700.0,2100000.0
BanderitaX,13300000,4129249415.0,1640,Saudi Arabia,Games,212100.0,1806050.0,3400000.0
AzzyLand,13300000,6412313570.0,1749,Canada,Entertainment,16200.0,137400.0,258600.0
HUBAï¿½ï¿½,13200000,9884886099.0,538,United States,Entertainment,958900.0,8129450.0,15300000.0
BIBO ï¿½ï¿½ï¿½ï¿½ï¿½ï¿,13200000,1148422000.0,192,Russia,Entertainment,26300.0,223600.0,420900.0
Brawl Stars,13200000,2036408398.0,172,Finland,Games,61100.0,519400.0,977700.0
Ei Nerd,13200000,3568392223.0,0,Unknown,Games,0.0,0.0,0.0
Sonotek Bhakti,13200000,3789736218.0,8019,India,Music,76000.0,638000.0,1200000.0
Vilmei,13200000,4205664894.0,1324,Indonesia,People,792900.0,6746450.0,12700000.0
MC Divertida,13200000,5224764969.0,413,Brazil,Entertainment,193600.0,1646800.0,3100000.0
The Infographics Show,13200000,5263540904.0,4279,United States,Education,155500.0,1327750.0,2500000.0
jbalvinVEVO,13200000,20743586601.0,237,Colombia,Music,258800.0,2179400.0,4100000.0
ýýýýýýTwinsFromRussia,13200000,9378175604.0,6888,United States,People,358200.0,3029100.0,5700000.0
Technology Gyan,13200000,1138262456.0,1022,India,Tech,55600.0,472250.0,888900.0
CookingShooking Hindi,13200000,1758603195.0,393,India,Howto,34500.0,293000.0,551500.0
Ryan Trahan,13100000,2182651464.0,33,United States,People,0.74,6.37,12.0
Alex Gonzaga Official,13100000,1401914513.0,287,Philippines,People,32500.0,276600.0,520700.0
WiederDude,13100000,2733682792.0,289,United States,Games,170700.0,1435350.0,2700000.0
Ian Boggs,13100000,9110348202.0,1327,Unknown,Entertainment,987900.0,8393950.0,15800000.0
Lokdhun Punjabi,13100000,4712624489.0,1262,India,Music,103300.0,901650.0,1700000.0
Knowledge Tv ï¿½ï¿½ï¿½ï¿½ï¿½ï¿½,13100000,1936582704.0,7,Unknown,People,0.01,0.055,0.1
Painzeiro,13100000,2555801802.0,1077,Brazil,People,132000.0,1116000.0,2100000.0
Peppa Pig em Portuguï¿½ï¿½ï¿½ï¿½ï¿½ï¿½ï¿½ï¿½ï¿,13100000,4214172991.0,1365,Brazil,Film,82000.0,691000.0,1300000.0
ýýýýýýýýýýýýýýý Ms Yeah,13100000,4399833602.0,435,United States,Howto,182000.0,1541000.0,2900000.0
Hungria Hip Hop,13100000,4608751851.0,73,Brazil,Music,144700.0,1222350.0,2300000.0
RaptorGamer,13100000,2879263916.0,1444,Ecuador,Games,188700.0,1594350.0,3000000.0
RedeTV,13100000,5333569294.0,36760,Brazil,Entertainment,52800.0,448500.0,844200.0
twenty one pilots,13100000,5264039679.0,194,United States,Music,152800.0,1276400.0,2400000.0
DJ Khaled,13100000,6637820731.0,12,Samoa,Music,1.0,9.5,18.0
Davie504,13000000,2683297849.0,838,Italy,Entertainment,89600.0,744800.0,1400000.0
Everson Zoio,13000000,1024467771.0,625,Brazil,Entertainment,9200.0,77850.0,146500.0
Calon Sarjana,13000000,10664585.0,29,Indonesia,Entertainment,0.0,0.0,0.0
Lofi Girl,13000000,1698279553.0,409,France,Music,91400.0,795700.0,1500000.0
Jomy Production,13000000,5057163256.0,8,India,,0.01,0.055,0.1
GH'S,13000000,8739174649.0,510,South Korea,Games,3200000.0,27550000.0,51900000.0
JesseAndMike,13000000,9999238237.0,716,United States,Entertainment,123300.0,1061650.0,2000000.0
Wolfoo Channel,13000000,301547793.0,22,Pakistan,People,2.0,15.0,28.0
Susy Mouriz,13000000,6270909026.0,1299,Mexico,Entertainment,1100000.0,9400000.0,17700000.0
7 Minutoz,13000000,4349562794.0,521,Brazil,Music,88600.0,744300.0,1400000.0
The LaBrant Fam,13000000,4637474071.0,612,United States,People,0.0,0.0,0.0
Pastor Antï¿½ï¿½ï¿½ï¿½ï,12900000,2112274210.0,4712,Brazil,People,95400.0,797700.0,1500000.0
Matheus Yurley,12900000,140022442.0,69,Brazil,Entertainment,443.0,3771.5,7100.0
gymvirtual,12900000,2509752944.0,1572,Spain,Sports,36000.0,305850.0,575700.0
BIBOï¿½ï¿½ï¿½ï¿½ï,12900000,3178222797.0,193,South Korea,Entertainment,12000.0,102050.0,192100.0
Top Viral Talent,12900000,3643698504.0,1598,United States,Entertainment,88100.0,744050.0,1400000.0
Akon,12900000,6300933122.0,39,United States,Music,273700.0,2336850.0,4400000.0
AlArabiya ï¿½ï¿½ï¿½ï¿½ï¿,12900000,7520379951.0,169304,United Arab Emirates,News,240700.0,2070350.0,3900000.0
Rauw Alejandro,12900000,11504090820.0,168,Unknown,Music,616600.0,5258300.0,9900000.0
EnriqueIglesiasVEVO,12900000,15446707595.0,137,United States,Music,227300.0,1913650.0,3600000.0
ýýýýýýýý ýýýý ýýýýýýýýýýýýýý,12900000,5585085130.0,1255,Ukraine,Entertainment,213400.0,1806700.0,3400000.0
The Shiny Peanut,12900000,2848466522.0,2337,Indonesia,Entertainment,2500.0,21350.0,40200.0
Talking Angela,12800000,3632438963.0,233,United Kingdom,Film,83900.0,691950.0,1300000.0
Melon City Show - ï¿½ï¿½ï¿½ï¿½ï¿½ï¿½ï¿½ï¿½ï¿½ï¿½ï¿,12800000,5863456698.0,1727,Iraq,Comedy,106000.0,903000.0,1700000.0
Duo Tiempo De Sol,12800000,6662288136.0,323,Spain,Education,162000.0,1381000.0,2600000.0
Troom Troom India,12800000,6804072897.0,2385,Unknown,Howto,51800.0,440400.0,829000.0
MrSuicideSheep,12800000,6970899521.0,3483,Canada,Entertainment,54400.0,462000.0,869600.0
Adam W,12800000,9502983550.0,681,United States,Comedy,686900.0,5843450.0,11000000.0
Right to Shiksha,12800000,7876740921.0,2044,India,Education,641200.0,5470600.0,10300000.0
Beyoncï¿½ï¿½,12800000,14185611472.0,168,United States,Music,268700.0,2284350.0,4300000.0
FACT FIRE KING,12700000,1159290255.0,782,India,Games,153900.0,1326950.0,2500000.0
Ian Lucas,12700000,1450874545.0,50,Unknown,Entertainment,0.0,0.0,0.0
Franco Escamilla,12700000,4266957149.0,2483,Mexico,Comedy,232400.0,1966200.0,3700000.0
Adexe & Nau,12700000,4579773883.0,594,Spain,Music,30200.0,257100.0,484000.0
Diana and Roma IND,12700000,5567832210.0,534,United States,Entertainment,139800.0,1169900.0,2200000.0
Jass Records,12700000,5958994201.0,1,Unknown,Music,0.0,0.025,0.05
Future,12700000,9927699419.0,119,United States,Film,1400.0,12050.0,22700.0
YoungBoy Never Broke Again,12700000,13174393401.0,142,United States,Music,509900.0,4354950.0,8200000.0
Blossom,12700000,4733873025.0,812,United States,Howto,131600.0,1115800.0,2100000.0
#Refï¿½ï¿½ï¿½ï¿½,12700000,2709954270.0,846,Unknown,Entertainment,20800.0,177000.0,333200.0
Piuzinho,12700000,1081285962.0,504,Brazil,Games,10900.0,92300.0,173700.0
Heidi y Zidane,12700000,6001189018.0,600,United States,People,48400.0,411000.0,773600.0
Go Ami Go!,12700000,1714955279.0,252,Colombia,People,982800.0,8341400.0,15700000.0
Morgz,12600000,3303595310.0,825,United Kingdom,Entertainment,176500.0,1488250.0,2800000.0
CaseyNeistat,12600000,3152402405.0,1101,United States,People,17900.0,151800.0,285700.0
ýýýýýýýýýSULGI,12600000,3485373675.0,683,South Korea,People,339400.0,2869700.0,5400000.0
NickiMinajAtVEVO,12600000,8831179714.0,99,United States,Music,105100.0,902550.0,1700000.0
Ellie Goulding,12600000,6969178081.0,218,United Kingdom,Music,110000.0,955000.0,1800000.0
colinfurze,12500000,1612094871.0,385,United Kingdom,Entertainment,25400.0,216300.0,407200.0
People Vs Food,12500000,1136534702.0,601,United States,Entertainment,46000.0,391150.0,736300.0
Wolfoo Family,12500000,161254021.0,61,United States,Film,0.0,0.0,0.0
Ja Mill,12500000,1302818088.0,0,Unknown,,0.0,0.0,0.0
Health Time,12500000,1002219689.0,1810,India,People,4200.0,35550.0,66900.0
Yair17,12500000,1402042328.0,1109,Mexico,Games,26600.0,226150.0,425700.0
Little Baby Bum en Espaï¿½ï,12500000,6956320454.0,1459,Spain,Education,49000.0,416150.0,783300.0
First We Feast,12500000,2983799729.0,1076,United States,Entertainment,333800.0,2816900.0,5300000.0
Mï¿½ï¿½ï¿½ï¿½,12500000,3140883140.0,766,Mexico,Entertainment,93000.0,796500.0,1500000.0
Bebefinn - Nursery Rhymes & Kids Songs,12500000,4163639093.0,322,United States,Entertainment,0.0,0.0,0.0
Troom Troom PT,12500000,4384177908.0,2738,Unknown,Howto,40500.0,344300.0,648100.0
Parafernalha,12500000,4625777945.0,1888,Brazil,Entertainment,21500.0,182550.0,343600.0
NDTV,12500000,4935793409.0,151136,India,News,175600.0,1487800.0,2800000.0
elcarteldesantatv,12500000,7489455451.0,377,Mexico,Entertainment,347600.0,2973800.0,5600000.0
Family Fitness,12500000,10384848759.0,1699,India,Entertainment,707100.0,6003550.0,11300000.0
Zee Tamil,12500000,11552190002.0,102699,India,Entertainment,1000000.0,8900000.0,16800000.0
Flowers Comedy,12500000,11691081301.0,11907,India,Entertainment,540100.0,4570050.0,8600000.0
Mundo Bita,12500000,16690788752.0,253,Brazil,Music,641100.0,5470550.0,10300000.0
Wave Music Bhakti,12500000,5146004207.0,19899,India,Music,33200.0,282500.0,531800.0
Troom Troom Indonesia,12500000,5379684248.0,8,Unknown,People,0.0,0.025,0.05
CKM,12500000,4465772496.0,117,India,Comedy,39400.0,335100.0,630800.0
Quantum Tech HD,12500000,4340213066.0,223,Pakistan,,26.0,222.5,419.0
_vector_,12400000,7597013023.0,398,United States,Comedy,2700000.0,23050000.0,43400000.0
DEV Ke Facts,12400000,1971226335.0,218,India,Education,821000.0,6960500.0,13100000.0
Hero Movies 2023,12400000,1689090619.0,689,Unknown,People,65500.0,532750.0,1000000.0
LOUD,12400000,2394143260.0,690,United States,Entertainment,83.0,691.5,1300.0
Gibby :),12400000,2862685032.0,226,Mexico,People,30800.0,262050.0,493300.0
Gustavo Parï¿½ï¿½,12400000,2602614088.0,9,Brazil,Comedy,0.0,0.0,0.0
SAAIHALILINTAR,12400000,1113066203.0,409,Indonesia,Entertainment,2400.0,20550.0,38700.0
Timba Vk,12400000,2840137980.0,1024,Spain,Games,72100.0,636050.0,1200000.0
Heidi and Zidane HZHtube,12400000,4021409291.0,813,Canada,Entertainment,28800.0,244700.0,460600.0
DaniRep | +6 Vï¿½ï¿½ï¿½ï¿½ï¿½ï¿½ï¿½ï¿½ï¿½ï¿½ï,12400000,6933660906.0,12419,Spain,Games,247900.0,2123950.0,4000000.0
Zee Kids,12400000,7683670251.0,1212,India,Entertainment,285500.0,2442750.0,4600000.0
Pari's Lifestyle,12400000,7741764747.0,459,India,People,114500.0,957250.0,1800000.0
DisneyChannelUK,12400000,12607488647.0,4422,United Kingdom,Entertainment,104300.0,902150.0,1700000.0
MoniLina,12400000,16086808918.0,0,United States,People,0.0,0.0,0.0
bharatzkitchen HINDI,12400000,2315226648.0,729,India,Howto,92900.0,796450.0,1500000.0
TKOR,12400000,3392022527.0,0,Unknown,People,0.0,0.0,0.0
ANNA KOVA,12400000,13959586308.0,1,Unknown,Film,0.01,0.055,0.1
Avril Lavigne,12400000,6202090191.0,205,United States,Music,150600.0,1275300.0,2400000.0
Caylus,12400000,4779139505.0,1340,United States,Games,532800.0,4516400.0,8500000.0
Migos ATL,12400000,6993406259.0,99,United States,Entertainment,148200.0,1274100.0,2400000.0
Natan por Aï¿,12300000,9029609749.0,1200,Brazil,Entertainment,1700000.0,14100000.0,26500000.0
Free Fire India Official,12300000,1674409945.0,1500,India,Games,194200.0,1647100.0,3100000.0
Panda,12300000,2214684303.0,2452,United Kingdom,Games,201.0,1700.5,3200.0
RobTopGames,12300000,374123483.0,39,Sweden,Games,11600.0,98700.0,185800.0
Make Joke Of,12300000,2129773714.0,62,India,Comedy,72000.0,636000.0,1200000.0
